haveit,pubDate,title,link,description
1,1353970560000,26 11 2012,http://arthurpetry.com/podcastgen/?name=2015-12-17_26_11_2012.mp3,Podcast Episode
1,1356825000000,29 12 2012,http://arthurpetry.com/podcastgen/?name=2015-12-10_29_12_2012.mp3,Podcast Episode
1,1363222560000,13 03 2013,http://arthurpetry.com/podcastgen/?name=2016-01-06_13_03_2013.mp3,Podcast Episode
0,1367548740000,02 05 2013,http://arthurpetry.com/podcastgen/?name=2016-01-04_02_05_2013.mp3,Podcast Episode
0,1368060960000,08 05 2013,http://arthurpetry.com/podcastgen/?name=2016-01-06_08_05_2013.mp3,Podcast Episode
0,1368844680000,17 05 2013,http://arthurpetry.com/podcastgen/?name=2016-01-04_17_05_2013.mp3,Podcast Episode
0,1369364700000,23 05 2013,http://arthurpetry.com/podcastgen/?name=2016-01-04_23_05_2013.mp3,Podcast Episode
0,1369451100000,24 05 2013,http://arthurpetry.com/podcastgen/?name=2016-01-04_24_05_2013.mp3,Podcast Episode
0,1369518960000,25 05 2013,http://arthurpetry.com/podcastgen/?name=2015-12-17_25_05_2013.mp3,Podcast Episode
0,1370054160000,31 05 2013,http://arthurpetry.com/podcastgen/?name=2016-01-04_31_05_2013.mp3,Podcast Episode
1,1370652960000,07 06 2013,http://arthurpetry.com/podcastgen/?name=2016-01-06_07_06_2013.mp3,Podcast Episode
1,1371265500000,14 06 2013,http://arthurpetry.com/podcastgen/?name=2016-01-04_14_06_2013.mp3,Podcast Episode
1,1371862560000,21 06 2013,http://arthurpetry.com/podcastgen/?name=2016-01-06_21_06_2013.mp3,Podcast Episode
0,1372035360000,23 06 2013 sábado de madrugada,http://arthurpetry.com/podcastgen/?name=2016-01-06_23_06_2013_sabado_de_madrugada.mp3,Podcast Episode
1,1372475100000,28 06 2013,http://arthurpetry.com/podcastgen/?name=2016-01-04_28_06_2013.mp3,"Petry fala sobre adotar cachorros, língua portuguesa e opiniões engraçadas."
1,1373079900000,05 07 2013,http://arthurpetry.com/podcastgen/?name=2016-01-04_05_07_2013.mp3,Podcast Episode
0,1373166300000,06 07 2013,http://arthurpetry.com/podcastgen/?name=2016-01-04_06_07_2013.mp3,Podcast Episode
1,1373684700000,12 07 2013,http://arthurpetry.com/podcastgen/?name=2016-01-04_12_07_2013.mp3,Podcast Episode
1,1374289500000,19 07 2013,http://arthurpetry.com/podcastgen/?name=2016-01-04_19_07_2013.mp3,Podcast Episode
1,1374875760000,26 07 2013,http://arthurpetry.com/podcastgen/?name=2015-12-17_26_07_2013.mp3,Podcast Episode
0,1374978960000,27 07 2013 sábado especial,http://arthurpetry.com/podcastgen/?name=2016-01-04_27_07_2013_sabado_especial.mp3,Podcast Episode
1,1375497360000,02 08 2013,http://arthurpetry.com/podcastgen/?name=2016-01-04_02_08_2013.mp3,Podcast Episode
1,1376102160000,09 08 2013,http://arthurpetry.com/podcastgen/?name=2016-01-04_09_08_2013.mp3,Podcast Episode
1,1376700960000,16 08 2013,http://arthurpetry.com/podcastgen/?name=2016-01-06_16_08_2013.mp3,Podcast Episode
1,1377398160000,24 08 2013,http://arthurpetry.com/podcastgen/?name=2016-01-04_24_08_2013.mp3,Podcast Episode
1,1377916560000,30 08 2013,http://arthurpetry.com/podcastgen/?name=2016-01-04_30_08_2013.mp3,Podcast Episode
1,1378515360000,06 09 2013,http://arthurpetry.com/podcastgen/?name=2016-01-06_06_09_2013.mp3,Podcast Episode
1,1379120160000,13 09 2013,http://arthurpetry.com/podcastgen/?name=2016-01-06_13_09_2013.mp3,Podcast Episode
1,1380848160000,03 10 2013,http://arthurpetry.com/podcastgen/?name=2016-01-06_03_10_2013.mp3,Podcast Episode
0,1381971360000,16 10 2013,http://arthurpetry.com/podcastgen/?name=2016-01-06_16_10_2013.mp3,Podcast Episode
1,1383616560000,04 11 2013,http://arthurpetry.com/podcastgen/?name=2016-01-06_04_11_2013.mp3,Podcast Episode
1,1383962160000,08 11 2013,http://arthurpetry.com/podcastgen/?name=2016-01-06_08_11_2013.mp3,Podcast Episode
1,1386035760000,02 12 2013,http://arthurpetry.com/podcastgen/?name=2016-01-06_02_12_2013.mp3,SoundJay.com Sound Effects
1,1386640560000,09 12 2013,http://arthurpetry.com/podcastgen/?name=2016-01-06_09_12_2013.mp3,Podcast Episode
1,1386986160000,13 12 2013,http://arthurpetry.com/podcastgen/?name=2016-01-06_13_12_2013.mp3,Podcast Episode
1,1387245360000,16 12 2013,http://arthurpetry.com/podcastgen/?name=2016-01-06_16_12_2013.mp3,SoundJay.com Sound Effects
1,1387925760000,24 12 2013,http://arthurpetry.com/podcastgen/?name=2015-12-17_24_12_2013.mp3,SoundJay.com Sound Effects
1,1388443560000,31 12 2013,http://arthurpetry.com/podcastgen/?name=2015-12-10_31_12_2013.mp3,SoundJay.com Sound Effects
1,1388800560000,03 01 2014,http://arthurpetry.com/podcastgen/?name=2016-01-06_03_01_2014.mp3,SoundJay.com Sound Effects
1,1389405360000,10 01 2014,http://arthurpetry.com/podcastgen/?name=2016-01-06_10_01_2014.mp3,SoundJay.com Sound Effects
1,1390010160000,17 01 2014,http://arthurpetry.com/podcastgen/?name=2016-01-06_17_01_2014.mp3,SoundJay.com Sound Effects
1,1390614960000,24 01 2014,http://arthurpetry.com/podcastgen/?name=2016-01-06_24_01_2014.mp3,SoundJay.com Sound Effects
1,1390690560000,25 01 2014,http://arthurpetry.com/podcastgen/?name=2015-12-17_25_01_2014.mp3,SoundJay.com Sound Effects
1,1391209020000,31 01 2014,http://arthurpetry.com/podcastgen/?name=2015-12-10_31_01_2014.mp3,SoundJay.com Sound Effects
1,1391824560000,07 02 2014,http://arthurpetry.com/podcastgen/?name=2016-01-06_07_02_2014.mp3,SoundJay.com Sound Effects
1,1391910960000,08 02 2014,http://arthurpetry.com/podcastgen/?name=2016-01-06_08_02_2014.mp3,Podcast Episode
1,1393034160000,21 02 2014,http://arthurpetry.com/podcastgen/?name=2016-01-06_21_02_2014.mp3,Arthur Petry
1,1393628160000,28 02 2014,http://arthurpetry.com/podcastgen/?name=2015-12-17_28_02_2014.mp3,Arthur Petry
1,1394499360000,10 03 2014,http://arthurpetry.com/podcastgen/?name=2016-01-06_10_03_2014.mp3,Arthur Petry
1,1394844960000,14 03 2014,http://arthurpetry.com/podcastgen/?name=2016-01-06_14_03_2014.mp3,Arthur Petry
1,1395449760000,21 03 2014,http://arthurpetry.com/podcastgen/?name=2016-01-06_21_03_2014.mp3,Arthur Petry
1,1396043760000,28 03 2014,http://arthurpetry.com/podcastgen/?name=2015-12-17_28_03_2014.mp3,Arthur Petry
1,1396659360000,04 04 2014,http://arthurpetry.com/podcastgen/?name=2016-01-06_04_04_2014.mp3,Arthur Petry
1,1397264160000,11 04 2014,http://arthurpetry.com/podcastgen/?name=2016-01-06_11_04_2014.mp3,Arthur Petry
1,1398214560000,22 04 14,http://arthurpetry.com/podcastgen/?name=2016-01-06_22_04_14.mp3,Arthur Petry
1,1398462960000,25 04 2014,http://arthurpetry.com/podcastgen/?name=2015-12-17_25_04_2014.mp3,Arthur Petry
1,1399078560000,02 05 2014,http://arthurpetry.com/podcastgen/?name=2016-01-06_02_05_2014.mp3,Arthur Petry
1,1399683360000,09 05 2014,http://arthurpetry.com/podcastgen/?name=2016-01-06_09_05_2014.mp3,Arthur Petry
1,1400288160000,16 05 2014,http://arthurpetry.com/podcastgen/?name=2016-01-06_16_05_2014.mp3,Arthur Petry
1,1400892960000,23 05 2014,http://arthurpetry.com/podcastgen/?name=2016-01-06_23_05_2014.mp3,Arthur Petry
1,1401490200000,30 05 2014,http://arthurpetry.com/podcastgen/?name=2015-12-10_30_05_2014.mp3,Arthur Petry
1,1402102560000,06 06 2014,http://arthurpetry.com/podcastgen/?name=2016-01-06_06_06_2014.mp3,Arthur Petry
1,1402707360000,13 06 2014,http://arthurpetry.com/podcastgen/?name=2016-01-06_13_06_2014.mp3,Arthur Petry
1,1403312160000,20 06 2014,http://arthurpetry.com/podcastgen/?name=2016-01-06_20_06_2014.mp3,Arthur Petry
1,1403906160000,27 06 2014,http://arthurpetry.com/podcastgen/?name=2015-12-17_27_06_2014.mp3,Arthur Petry
1,1404521760000,04 07 2014,http://arthurpetry.com/podcastgen/?name=2016-01-06_04_07_2014.mp3,Arthur Petry
1,1405126560000,11 07 2014,http://arthurpetry.com/podcastgen/?name=2016-01-06_11_07_2014.mp3,Arthur Petry
1,1405731360000,18 07 2014,http://arthurpetry.com/podcastgen/?name=2016-01-06_18_07_2014.mp3,Arthur Petry
1,1406325360000,25 07 2014,http://arthurpetry.com/podcastgen/?name=2015-12-17_25_07_2014.mp3,Arthur Petry
1,1406940960000,01 08 2014,http://arthurpetry.com/podcastgen/?name=2016-01-06_01_08_2014.mp3,Arthur Petry
1,1407545760000,08 08 2014,http://arthurpetry.com/podcastgen/?name=2016-01-06_08_08_2014.mp3,Arthur Petry
1,1408150560000,15 08 2014,http://arthurpetry.com/podcastgen/?name=2016-01-06_15_08_2014.mp3,Arthur Petry
1,1408755360000,22 08 2014,http://arthurpetry.com/podcastgen/?name=2016-01-06_22_08_2014.mp3,Arthur Petry
0,1409187360000,27 06 2014,http://arthurpetry.com/podcastgen/?name=2016-01-06_27_06_2014.mp3,Arthur Petry
1,1409352600000,29 08 2014,http://arthurpetry.com/podcastgen/?name=2015-12-10_29_08_2014.mp3,Arthur Petry
1,1409964960000,05 09 2014,http://arthurpetry.com/podcastgen/?name=2016-01-06_05_09_2014.mp3,Arthur Petry
1,1410569760000,12 09 2014,http://arthurpetry.com/podcastgen/?name=2016-01-06_12_09_2014.mp3,Arthur Petry
1,1411768560000,26 09 2014,http://arthurpetry.com/podcastgen/?name=2015-12-17_26_09_2014.mp3,Arthur Petry
1,1412384160000,03 10 2014,http://arthurpetry.com/podcastgen/?name=2016-01-06_03_10_2014.mp3,Arthur Petry
1,1412988960000,10 10 2014,http://arthurpetry.com/podcastgen/?name=2016-01-06_10_10_2014.mp3,Arthur Petry
1,1413593760000,17 10 2014,http://arthurpetry.com/podcastgen/?name=2016-01-06_17_10_2014.mp3,Arthur Petry
1,1414198560000,24 10 2014,http://arthurpetry.com/podcastgen/?name=2016-01-06_24_10_2014.mp3,Arthur Petry
1,1414792200000,31 10 2014,http://arthurpetry.com/podcastgen/?name=2015-12-10_31_10_2014.mp3,Arthur Petry
1,1416016560000,14 11 2014,http://arthurpetry.com/podcastgen/?name=2016-01-06_14_11_2014.mp3,Arthur Petry
1,1416621360000,21 11 2014,http://arthurpetry.com/podcastgen/?name=2016-01-06_21_11_2014.mp3,Arthur Petry
0,1417128960000,27 11 2014,http://arthurpetry.com/podcastgen/?name=2015-12-17_27_11_2014.mp3,Arthur Petry
1,1417218600000,28 11 2014,http://arthurpetry.com/podcastgen/?name=2015-12-10_28_11_2014.mp3,Arthur Petry
1,1417830960000,05 12 2014,http://arthurpetry.com/podcastgen/?name=2016-01-06_05_12_2014.mp3,Arthur Petry
1,1419040560000,19 12 2014,http://arthurpetry.com/podcastgen/?name=2016-01-06_19_12_2014.mp3,Arthur Petry
1,1419634560000,26 12 2014,http://arthurpetry.com/podcastgen/?name=2015-12-17_26_12_2014.mp3,Arthur Petry
1,1420250160000,02 01 2015,http://arthurpetry.com/podcastgen/?name=2016-01-06_02_01_2015.mp3,Arthur Petry
1,1420854960000,09 01 2015,http://arthurpetry.com/podcastgen/?name=2016-01-06_09_01_2015.mp3,Arthur Petry
1,1421459760000,16 01 2015,http://arthurpetry.com/podcastgen/?name=2016-01-06_16_01_2015.mp3,Arthur Petry
1,1422064560000,23 01 2015,http://arthurpetry.com/podcastgen/?name=2016-01-06_23_01_2015.mp3,Arthur Petry
1,1422661800000,30 01 2015,http://arthurpetry.com/podcastgen/?name=2015-12-10_30_01_2015.mp3,Arthur Petry
1,1423274160000,06 02 2015,http://arthurpetry.com/podcastgen/?name=2016-01-06_06_02_2015.mp3,Arthur Petry
1,1424310960000,18 02 2015,http://arthurpetry.com/podcastgen/?name=2016-01-06_18_02_2015.mp3,Arthur Petry
1,1425077760000,27 02 2015,http://arthurpetry.com/podcastgen/?name=2015-12-17_27_02_2015.mp3,Arthur Petry
0,1425088560000,27 02 2015,http://arthurpetry.com/podcastgen/?name=2016-01-06_27_02_2015.mp3,Arthur Petry
1,1425693360000,06 03 2015,http://arthurpetry.com/podcastgen/?name=2016-01-06_06_03_2015.mp3,Arthur Petry
1,1426294560000,13 03 2015,http://arthurpetry.com/podcastgen/?name=2016-01-06_13_03_2015.mp3,Arthur Petry
1,1426899360000,20 03 2015,http://arthurpetry.com/podcastgen/?name=2016-01-06_20_03_2015.mp3,Arthur Petry
1,1427493360000,27 03 2015,http://arthurpetry.com/podcastgen/?name=2015-12-17_27_03_2015.mp3,Arthur Petry
1,1427504160000,27 03 2015,http://arthurpetry.com/podcastgen/?name=2016-01-06_27_03_2015.mp3,Arthur Petry
1,1428800160000,11 04 2015,http://arthurpetry.com/podcastgen/?name=2016-01-06_11_04_2015.mp3,Arthur Petry
1,1429404960000,18 04 2015,http://arthurpetry.com/podcastgen/?name=2016-01-06_18_04_2015.mp3,Arthur Petry
1,1429923360000,24 04 2015,http://arthurpetry.com/podcastgen/?name=2016-01-06_24_04_2015.mp3,Arthur Petry
1,1430528160000,01 05 2015,http://arthurpetry.com/podcastgen/?name=2016-01-06_01_05_2015.mp3,Arthur Petry
1,1431132960000,08 05 2015,http://arthurpetry.com/podcastgen/?name=2016-01-06_08_05_2015.mp3,Arthur Petry
0,1431737760000,Sábado especial Maio 2015,http://arthurpetry.com/podcastgen/?name=2016-01-06_sabado_especial_1.mp3,Arthur Petry
1,1431737760000,15 05 2015,http://arthurpetry.com/podcastgen/?name=2016-01-06_15_05_2015.mp3,Arthur Petry
1,1432342560000,22 05 2015,http://arthurpetry.com/podcastgen/?name=2016-01-06_22_05_2015.mp3,Arthur Petry
1,1433540040000,05 06 2015,http://arthurpetry.com/podcastgen/?name=2015-12-10_05_06_2015.mp3,Arthur Petry
1,1434143940000,12 06 2015,http://arthurpetry.com/podcastgen/?name=2015-12-10_12_06_2015.mp3,Arthur Petry
0,1434416160000,Sábado Especial #2 Junho de 2015,http://arthurpetry.com/podcastgen/?name=2016-01-06_sabado_especial_2.mp3,Arthur Petry
1,1434748320000,19 06 2015,http://arthurpetry.com/podcastgen/?name=2015-12-10_19_06_2015.mp3,Arthur Petry
1,1435352400000,26 06 2015,http://arthurpetry.com/podcastgen/?name=2015-12-10_26_06_2015.mp3,Arthur Petry
1,1436733420000,12 07 2015,http://arthurpetry.com/podcastgen/?name=2015-12-10_12_07_2015.mp3,Arthur Petry
1,1441398060000,04 09 2015,http://arthurpetry.com/podcastgen/?name=2015-12-10_04_09_2015.mp3,Arthur Petry
0,1445976480000,Terça no Transito 1,http://arthurpetry.com/podcastgen/?name=2015-12-10_terca_no_transito_1.m4a,Podcast Episode
1,1446235440000,30 10 2015,http://arthurpetry.com/podcastgen/?name=2015-12-10_30_10_2015.mp3,Arthur Petry
1,1446842820000,06 11 2015,http://arthurpetry.com/podcastgen/?name=2015-12-10_06_11_2015.mp3,Arthur Petry
0,1447792680000,Terça no Trânsito 4,http://arthurpetry.com/podcastgen/?name=2015-12-10_terca_no_transito_4.mp3,Arthur Petry
1,1448051640000,20 11 2015,http://arthurpetry.com/podcastgen/?name=2015-12-10_20_11_2015.mp3,Arthur Petry
1,1448656440000,27 11 2015,http://arthurpetry.com/podcastgen/?name=2015-12-10_27_11_2015.mp3,Arthur Petry
1,1449280560000,04 12 2015,http://arthurpetry.com/podcastgen/?name=2016-01-06_04_12_2015.mp3,Arthur Petry
0,1449315367000,04 12 2015,http://arthurpetry.com/podcastgen/?name=2015-12-05_04_12_2015.mp3,nada
1,1449840180000,11 12 2015,http://arthurpetry.com/podcastgen/?name=2015-12-11_11_12_2015.mp3,Arthur Petry
1,1450455660000,18 12 2015,http://arthurpetry.com/podcastgen/?name=2015-12-18_18_12_2015.mp3,"Petry fala sobre o bloqueio do WhatsApp, Star Wars e lembranças da infância."
1,1451695140000,01 01 2016,http://arthurpetry.com/podcastgen/?name=2016-01-01_01_01_2016.mp3,"""Especial"" de ano novo"
0,1455390840000,13 02 2016,http://arthurpetry.com/podcastgen/?name=2016-02-13_13_02_2016.mp3,O retorno.
0,1456013417000,20 02 2016,http://arthurpetry.com/podcastgen/?name=2016-02-20_20_02_2016.mp3,Arthur Petry
0,1456524780000,26 02 2016,http://arthurpetry.com/podcastgen/?name=2016-02-26_26_02_2016.mp3,"Petry fala sobre calor, dar pro Lulu Santos e a morte do Tadeu."
0,1456835340000,Terça Feira no Trânsito #5,http://arthurpetry.com/podcastgen/?name=2016-03-03_01_03_2016.mp3,"Petry fala sobre assessores de imprensa, Donald Trump e sexualizaçao do corpo da mulher."
0,1457471340000,Terça no Trânsito #6,http://arthurpetry.com/podcastgen/?name=2016-03-10_terca_no_transito_6.mp3,"Petry fala sobre domingos de manhã, Deadpool e Ana Paula do Big Brother."
0,1458602820000,21 03 2016,http://arthurpetry.com/podcastgen/?name=2016-03-21_21_03_2016.mp3,Petry fala sobre o impeachment e uma feminista no Altas Horas
0,1459302540000,Terça no Trânsito #7,http://arthurpetry.com/podcastgen/?name=2016-03-30_terca_no_transito_7.mp3,"Petry fala sobre iPhones, conta sobre o seu texto rejeitado na faculdade e a campanha de dia das mulheres do Sport Clube Internacional."
0,1460511600000,Terça no Trânsito #8,http://arthurpetry.com/podcastgen/?name=2016-04-12_terca_no_transito_8.mp3,"Petry fala sobre o podcast, ser passivo da vida e como lidar com muçulmanos e bancos."
0,1461154860000,Terça no Trânsito #9,http://arthurpetry.com/podcastgen/?name=2016-04-20_terca_no_transito_9.mp3,"Petry fala sobre crianças escravas na Malásia, como fazer um Impeachment no velho oeste e Jair Bolsonaro."
0,1461807420000,Terça no Trânsito #10,http://arthurpetry.com/podcastgen/?name=2016-04-27_terca_no_transito_10.mp3,"Petry fala sobre jogar sem centroavante, inverno e inabilidade social."
0,1462329360000,Terça no Trânsito #11,http://arthurpetry.com/podcastgen/?name=2016-05-03_terca_no_transito_11.mp3,"Petry fala sobre nordestinos, treinar no inverno e o fim da internet."
0,1462933980000,Terça no Trânsito #12,http://arthurpetry.com/podcastgen/?name=2016-05-10_terca_no_transito_12.mp3,"Petry fala sobre se sentir um lixo, alimentação e gordos no fantástico"
0,1463625720000,Terça no Trânsito #13,http://arthurpetry.com/podcastgen/?name=2016-05-18_terca_no_transito_13.mp3,"Petry fala sobre democracia, bares e vocação."
0,1464143400000,Terça no Trânsito #14,http://arthurpetry.com/podcastgen/?name=2016-05-24_terca_no_transito_14.mp3,"Pety fala sobre parar protestos com um trator, fã que tentou matar a Ana Hickmann, máfica política e raiva."
0,1464749880000,Terça no Trânsito #15,http://arthurpetry.com/podcastgen/?name=2016-05-31_terca_no_transito_15.mp3,"Petry fala sobre o suposto estupro, feminismo e falsas acusações."
0,1465074360000,Entrevista #2 - Allan Goldman,http://arthurpetry.com/podcastgen/?name=2016-06-04_entrevista_2_-_allan_goldman.mp3,"Petry conversa com Allan Goldman, ilustrador dispensado da empresa que o agenciava por comentários em rede social. A conversa gira em torno desse fato, do futuro dos ""Justiceiros Sociais"" no Brasil e esquerdismo."
0,1465353660000,Terça no Trânsito #16,http://arthurpetry.com/podcastgen/?name=2016-06-07_terca_no_transito16.mp3,"Petry fala sobre não levar a sério os sentimentos, Tico Santa Cruz, MC Biel, controvérsia no X-Men e dar pro Caio Castro."
0,1465960380000,Terça no Trânsito #17,http://arthurpetry.com/podcastgen/?name=2016-06-14_terca_no_transito17.mp3,"
0,Petry fala comer doce, treinar de noite e conversa sobre mídia com um amigo."
0,1466213453000,17 06 2016,http://arthurpetry.com/podcastgen/?name=2016-06-17_17_06_2016.mp3,"Petry fala sobre sexo, se xingar na internet e atualiza a história da porta"
0,1466734440000,Terça no Trânsito #18,http://arthurpetry.com/podcastgen/?name=2016-06-23_terca_no_transito18.mp3,"Petry fala sobre muçulmanos, jornalistas e ser cantado por travestis."
0,1467164520000,Terça no Trânsito #19,http://arthurpetry.com/podcastgen/?name=2016-06-28_terca_no_transito19.mp3,"Petry reclama do podcast, fala sobre Marcos Piangers e responsabilidade financeira"
0,1470159540000,Terça no Trânsito #20,http://arthurpetry.com/podcastgen/?name=2016-08-02_terca_no_transito_20.mp3,"Petry fala sobre não gravar o podcast, postar foto no instagram e parar pra ver acidente na estrada"
0,1471060020000,12 08 2016,http://arthurpetry.com/podcastgen/?name=2016-08-12_12_08_2016.mp3,Petry fala sobre fazer ressonância magnética e lê e-mails de ouvintes.
1,1471826220000,Entrevista #3 - Antes e Depois da Federal,http://arthurpetry.com/podcastgen/?name=2016-08-21_entrevista_3_-_antes_e_depois_da_federal.mp3,"Petry conversa com o criador do perfil no twitter ""Antes e Depois da Federal"""
0,1471987680000,Terça no Trânsito #21,http://arthurpetry.com/podcastgen/?name=2016-08-23_terca_no_transito_21.mp3,"Petry fala sobre a Olimpíada, defende o Neymar e atualiza a história das costas."
0,1472609340000,Terça no Trânsito #22,http://arthurpetry.com/podcastgen/?name=2016-08-30_terca_no_transito_22.mp3,"Petry fala sobre o gravador dar pau, assassinato em Porto Alegre e sua demissão."
0,1472836980000,02 09 2016,http://arthurpetry.com/podcastgen/?name=2016-09-02_02_09_2016.mp3,"Petry fala sobre estar no top 20 do iTunes, termina a história da sua demissão e fala sobre ser assediado no banheiro."
0,1473209040000,Terça no Trânsito #23,http://arthurpetry.com/podcastgen/?name=2016-09-06_terca_no_transito_23.mp3,"Petry fala sobre escrever, salvar a vida por causa do farol baixo e doar roupas para um mendigo. "
0,1473452040000,09 09 2016,http://arthurpetry.com/podcastgen/?name=2016-09-09_09_09_2016.mp3,"Petry conta a história da traição dos amigos, fala sobre piadas terem ""função social"" e lê e-mails de ouvintes."
0,1473650700000,Entrevista #4 - Wilton Santana,http://arthurpetry.com/podcastgen/?name=2016-09-11_entrevista_4_-_wilton_santana.mp3,"Petry conversa com um ouvinte brasileiro que mora no Japão, é formado em audiovisual e trabalha em uma empresa de games."
0,1474636080000,23 09 2016,http://arthurpetry.com/podcastgen/?name=2016-09-23_23_09_2016.mp3,"Petry fala sobre dar pro Leo Stronda, ser deficiente e mães solteiras"
0,1475260980000,30 09 2016,http://arthurpetry.com/podcastgen/?name=2016-09-30_30_09_2016.mp3,"Petry fala sobre esquecer a chave, eleição e Donald Trump. Mais: leitura de e-emails."
0,1475460660000,Entrevista #5 - Rodrigo de Campos,http://arthurpetry.com/podcastgen/?name=2016-10-02_entrevista_5_-_rodrigo_de_c_os.mp3,"Petry conversa com um ouvinte brasileiro que mora em Hamburgo, na Alemanha, e é administrador de sistemas. Eles falam sobre sair do Brasil, viver na Inglaterra e na Alemanha, trabalho, depressão, obesidade e libertarianismo."
0,1475863800000,07 10 2016,http://arthurpetry.com/podcastgen/?name=2016-10-07_07_10_2016.mp3,"Petry fala sobre futebol feminino na Libertadores, transar com uma estuprada e cópias."
0,1476473340000,14 10 2016,http://arthurpetry.com/podcastgen/?name=2016-10-14_14_10_2016.mp3,"Petry fala sobre beber cerveja em dia de semana, a importância da eleição de Donald Trump para nós, burros e ignorantes, e lê e-mails."
0,1477078800000,21 10 2016,http://arthurpetry.com/podcastgen/?name=2016-10-21_21_10_2016.mp3,Petry fala sobre o fim do seu relacionamento durante duas horas e trinta minutos.
0,1477426080000,Entrevista #6 - Tiago Cavalcanti Melo,http://arthurpetry.com/podcastgen/?name=2016-10-25_entrevista_6_-_flavio_tavares.mp3,"Petry conversa com seu amigo de escola, Tiago Cavalcanti Melo, sobre a morte de sua mãe. Ela foi diagnosticada, em 2013, com câncer no estômago e faleceu um ano depois."
0,1477676880000,28 10 2016,http://arthurpetry.com/podcastgen/?name=2016-10-28_28_10_2016.mp3,"Petry atualiza a história do fim do relacionamento, fala sobre Black Mirror e ""Machistômetro"""
0,1478279280000,04 11 2016,http://arthurpetry.com/podcastgen/?name=2016-11-04_04_11_2016.mp3,"Petry fala sobre a eleição de terça, No Wanks e lê e-mails."
0,1478447820000,Saco Cheio Especial Eleição Americana 2016,http://arthurpetry.com/podcastgen/?name=2016-11-06_saco_cheio_especial_eleicao_americana_2016.mp3,"ATENÇÃO: ESSE PODCAST É FEITO POR UM COMPLETO IMBECIL.
0,O episódio é dividido em quatro blocos. Na primeira parte, falo sobre a importância cultural do ""fenômeno Trump"". No segundo bloco, comparo e explico as polêmicas que foram manipuladas pela mídia mundial. No terceiro, tento explicar de forma burra e ignorante algumas das propostas políticas do Donald Trump. Por fim, respondo perguntas enviadas na página do podcast."
0,1478884740000,11 11 2016,http://arthurpetry.com/podcastgen/?name=2016-11-11_11_11_2016.mp3,"Petry fala sobre a vitória do Trump, ser ameaçado na faculdade de JORNALIXO e dar match no Tinder com amiga da ex-namorada."
1,1479483780000,18 11 2016,http://arthurpetry.com/podcastgen/?name=2016-11-18_18_11_2016.mp3,"Petry fala sobre usar regatinha de bater em mulher, PEC, privilégio masculino e lê e-mails."
0,1480086660000,25 11 2016,http://arthurpetry.com/podcastgen/?name=2016-11-25_25_11_2016.mp3,"Petry fala sobre chupar buceta, usar camisa do PT e promiscuidade."
0,1480695360000,02 12 2016,http://arthurpetry.com/podcastgen/?name=2016-12-02_02_12_2016.mp3,"Petry fala sobre a tragédia com a Chapecoense, a importância da tristeza e a relação humana com a morte."
0,1481303040000,09 12 2016,http://arthurpetry.com/podcastgen/?name=2016-12-09_09_12_2016.mp3,"Petry fala sobre montar uma cadeira, nutricionista e ejacular dormindo."
0,1481901540000,16 12 2016,http://arthurpetry.com/podcastgen/?name=2016-12-16_16_12_2016.mp3,"Petry fala sobre feministas e a empresa Allezia, espancar ouvintes burros, tristeza, felicidade e suicídio. "
0,1482506460000,23 12 2016,http://arthurpetry.com/podcastgen/?name=2016-12-23_23_12_2016.mp3,"Petry fala sobre clube Saco Cheio, Vin Diesel e ligar para o Pânico quando era criança."
0,1483294501000,31 12 2016,http://arthurpetry.com/podcastgen/?name=2016-12-31_31_12_2016.mp3,Petry fala sobre não faço a menor ideia porque esse é o podcast de ano novo e eu estou embriagado. 
0,1483712820000,06 01 2017,http://arthurpetry.com/podcastgen/?name=2017-01-06_06_01_2017.mp3,"Petry fala sobre acordar com um pombo na janela, proibir masturbação e chacina no ano novo."
0,1484314020000,13 01 2017,http://arthurpetry.com/podcastgen/?name=2017-01-13_13_01_2017.mp3,"Petry fala sobre o pau do Léo Stronda, lê notícias e esposa fã de Justin Bieber"
0,1484919960000,20 01 2017,http://arthurpetry.com/podcastgen/?name=2017-01-20_20_01_2017.mp3,"Petry fala sobre ""pobre macaca"", como terminar um relacionamento e mulher morrer por ser mulher."
0,1485527940000,27 01 2017,http://arthurpetry.com/podcastgen/?name=2017-01-27_27_01_2017.mp3,Não aguento mais escrever descrição.
0,1485635280000,Sábado Especial #3,http://arthurpetry.com/podcastgen/?name=2017-01-28_sabado_especial_3.mp3,Sábado especial.
0,1486065780000,03 02 2017,http://arthurpetry.com/podcastgen/?name=2017-02-02_03_02_2017.mp3,Petry fala sobre absolutamente nada porque ele não aguenta mais.
0,1486250880000,Birlcast #1,http://arthurpetry.com/podcastgen/?name=2017-02-04_saco_cheio_fitness_1.mp3,Petry e Tiago Carvalho falam sobre a experiência de acordar às 5:30 para treinar às 6:30.
0,1486769580000,10 02 2017,http://arthurpetry.com/podcastgen/?name=2017-02-10_10_02_2017.mp3,"Ai cara sabe, que desânimo. "
1,1487338500000,17 02 2017,http://arthurpetry.com/podcastgen/?name=2017-02-17_17_02_2017.mp3,não tem descrição 
1,1487944860000,24 02 2017,http://arthurpetry.com/podcastgen/?name=2017-02-23_24_02_2017.mp3,vazio enorme
1,1488553800000,03 03 2017,http://arthurpetry.com/podcastgen/?name=2017-03-03_podcast.mp3,Podcastzito de férias
1,1488628920000,04 03 2017,http://arthurpetry.com/podcastgen/?name=2017-03-04_2017-03-04_podcast.mp3,Pior podcast da história
1,1489146780000,10 03 2017,http://arthurpetry.com/podcastgen/?name=2017-03-10_10_03_2017.mp3,"Nesse episódio você vai encontrar: machismo, racismo e homofobia."
1,1489581780000,Birlcast #2,http://arthurpetry.com/podcastgen/?name=2017-03-15_birlcast2.mp3,Petry e Tiago Carvalho falam sobre os planos da nova ordem mundial para emascular os homens do ocidente via comidas industrializadas.
1,1489767480000,17 03 2017,http://arthurpetry.com/podcastgen/?name=2017-03-17_17_03_2017.mp3,Nesse podcast você vai descobrir que toda feminista quer dar pra um eleitor do Bolsonaro.
1,1490365020000,24 03 2017,http://arthurpetry.com/podcastgen/?name=2017-03-24_24_03_2017.mp3,Não tem descrição bicho. Ouve aí e vê os assuntos Ô MERDA.
1,1490728980000,Entrevista #7 - Maurício Meirelles,http://arthurpetry.com/podcastgen/?name=2017-03-28_entrevista_7_-_mauricio_meirelles.mp3,Petry conversa com o comediante Maurício Meirelles.
0,1490970480000,31 03 2017,http://arthurpetry.com/podcastgen/?name=2017-03-31_31_03_2017.mp3,Ouve aí e não enche o meu saco.
1,1491577200000,07 04 2017,http://arthurpetry.com/podcastgen/?name=2017-04-07_07_04_2017.mp3,Nesse podcast você vai descobrir que matemática e estupro não existem e que mulheres são culpadas de tudo.
1,1492179720000,14 04 2017,http://arthurpetry.com/podcastgen/?name=2017-04-14_14_04_2017.mp3,Não tem nada que você espera aqui. Pode se retirar.
1,1492289700000,Birlcast #3,http://arthurpetry.com/podcastgen/?name=2017-04-15_birlcast_3.mp3,Petry e Tiago Carvalho falam sobre dieta flexível e comer obesas.
1,1492728300000,21 04 2017,http://arthurpetry.com/podcastgen/?name=2017-04-20_21_04_2017.mp3,Esse episódio é um oferecimento do curso QUEM QUER SER UM YOUTUBER DO INMOVIMENTO.
1,1493208180000,Entrevista #8 - Caio Bottura,http://arthurpetry.com/podcastgen/?name=2017-04-26_entrevista_8_-_caio_bottura.mp3,Petry conversa com o fisiculturista natural Caio Bottura.
1,1493384040000,28 04 2017,http://arthurpetry.com/podcastgen/?name=2017-04-28_28_04_2017.mp3,Ouve aí e deu
0,1493918100000,05 05 2017,http://arthurpetry.com/podcastgen/?name=2017-05-04_05_05_2017.mp3,O podcast mais esperado do ano.
1,1494572400000,12 05 2017,http://arthurpetry.com/podcastgen/?name=2017-05-11_12_05_2017.mp3,Não sei qual é a descrição cara
1,1495177200000,19 05 2017,http://arthurpetry.com/podcastgen/?name=2017-05-18_19_05_2017.mp3,Eu não sirvo pra fazer isso pqp
0,1495286880000,Entrevista #9 - Luca Mendes,http://arthurpetry.com/podcastgen/?name=2017-05-20_entrevista_9_-_luca_mendes.mp3,Petry conversa com o comediante Luca Mendes.
1,1495695600000,26 05 2017,http://arthurpetry.com/podcastgen/?name=2017-05-25_26_05_2017.mp3,Petry é um BOSTA que faz um podcast pior que o outro.
1,1496405760000,02 06 2017,http://arthurpetry.com/podcastgen/?name=2017-06-02_02_06_2017.mp3,Cada dia mais perdido nesse negócio :')
0,1496970960000,09 06 2017,http://arthurpetry.com/podcastgen/?name=2017-06-08_09_06_2017.mp3,Sem criatividade pra me autodenegrir em mais uma descrição 
0,1497632700000,16 06 2017,http://arthurpetry.com/podcastgen/?name=2017-06-16_16_06_2017.mp3,Petry perdeu uma hora e meia gravando o pior podcast da história
0,1498177800000,23 06 2017,http://arthurpetry.com/podcastgen/?name=2017-06-22_23_06_2017.mp3,Essa é a descrição
0,1498868040000,30 06 2017,http://arthurpetry.com/podcastgen/?name=2017-06-30_30_06_2017.mp3,Podcast depois do show em Curitiba
0,1499382300000,07 07 2017,http://arthurpetry.com/podcastgen/?name=2017-07-06_07_07_2017mp3.mp3,Ouve até o final seu pau no CU
0,1499696340000,Episódio especial em Chapecó,http://arthurpetry.com/podcastgen/?name=2017-07-10_podcast_em_chapeco.mp3,Enlouquecendo no quarto do hotel 
0,1499998920000,14 07 2017,http://arthurpetry.com/podcastgen/?name=2017-07-13_14_07_2017.mp3,Não aguento mais escrever descrição
0,1500511080000,21 07 2017,http://arthurpetry.com/podcastgen/?name=2017-07-19_21_07_2017.mp3,FECHADO COM O GUTO FERREIRA
0,1500836220000,Birlcast #4,http://arthurpetry.com/podcastgen/?name=2017-07-23_birlcast_4.mp3,Arthur Petry e Tiago Carvalho falam sobre QUALQUER COISA
1,1501259305000,28 07 2017,http://arthurpetry.com/podcastgen/?name=2017-07-28_28_07_2017.mp3,Arthur Petry
0,1501781280000,04 08 2017,http://arthurpetry.com/podcastgen/?name=2017-08-03_04_08_2017.mp3,"Olha cara eu ACHO que esse ficou bom, ouve aí"
0,1502404680000,11 08 2017,http://arthurpetry.com/podcastgen/?name=2017-08-10_11_08_2017.mp3,NESSE EPISÓDIO VOCÊ VAI FICAR POR DENTRO DE TODAS AS DICAS PARA MANDAR SUPER BEM NO MARKETING DA SUA EMPRESA ;)
0,1502996040000,18 08 2017,http://arthurpetry.com/podcastgen/?name=2017-08-17_18_08_2017.mp3,Nem sei o que eu falei aí
1,1503619860000,25 08 2017,http://arthurpetry.com/podcastgen/?name=2017-08-24_25_08_2017.mp3,Minha opinião sobre o NAZISMO
1,1504284883000,01 09 2017,http://arthurpetry.com/podcastgen/?name=2017-09-01_01_09_2017.mp3,Arthur Petry
1,1504747680000,07 09 2017,http://arthurpetry.com/podcastgen/?name=2017-09-06_07_09_2017.mp3,surpresaaaaaaaaaaaaaaaaaaaaaaaaaaaaa
1,1505434980000,15 09 2017,http://arthurpetry.com/podcastgen/?name=2017-09-14_15_09_2017.mp3,"Olha CARA eu não sei o que eu falei aí, PORTANTO não há descrição ;))) FODAM-SE"
1,1505663760000,Podcast no quarto do hotel em Santa Cruz com Maurício Meirelles,http://arthurpetry.com/podcastgen/?name=2017-09-17_17_09_2017.mp3,Aeeee
1,1506036240000,22 09 2017,http://arthurpetry.com/podcastgen/?name=2017-09-21_22_09_2017.mp3,Petry está de saco cheíssimo de tudo e cogitando desistir de tudo 
1,1506637980000,29 09 2017,http://arthurpetry.com/podcastgen/?name=2017-09-28_29_09_2017.mp3,Possivelmente o último podcast porque estou prestes a desistir de TUDO
1,1507305300000,06 10 2017,http://arthurpetry.com/podcastgen/?name=2017-10-06_06_10_2017.mp3,Ouve aí cara
1,1507912260000,13 10 2017,http://arthurpetry.com/podcastgen/?name=2017-10-13_13_10_2017.mp3,Qual é a solução para os problemas sociais do mundo? Las Vegas.
0,1508446500000,20 10 2017,http://arthurpetry.com/podcastgen/?name=2017-10-19_20_10_2017.mp3,"Os caras simplesmente alteram o horário do NADA, destroem a vida de quem acorda cedo e o GADO revoltadinho com Aécio Neves."
0,1509118140000,27 10 2017,http://arthurpetry.com/podcastgen/?name=2017-10-27_27_10_2017.mp3,REVOLUÇÃO RUSSA E GLORY HOLE
1,1509722520000,03 11 2017,http://arthurpetry.com/podcastgen/?name=2017-11-03_03_11_2017.mp3,Fátima Bernardes
0,1510261980000,10 11 2017,http://arthurpetry.com/podcastgen/?name=2017-11-09_10_11_2017.mp3,CHAMPIONS LIGAY
1,1510870020000,17 11 2017,http://arthurpetry.com/podcastgen/?name=2017-11-16_17_11_2017.mp3,TETA DE BALÃO
0,1511538120000,24 11 2017,http://arthurpetry.com/podcastgen/?name=2017-11-24_24_11_2017.mp3,eae
0,1512144353000,01 12 2017,http://arthurpetry.com/podcastgen/?name=2017-12-01_01_12_2017.mp3,Arthur Petry
1,1512687960000,08 12 2017,http://arthurpetry.com/podcastgen/?name=2017-12-07_08_12_2017.mp3,mais um podcast aí
0,1513293360000,15 12 2017,http://arthurpetry.com/podcastgen/?name=2017-12-14_15_12_2017.mp3,não tem descrição
0,1513948560000,22 12 2017,http://arthurpetry.com/podcastgen/?name=2017-12-22_22_12_2017.mp3,Rabo da Anitta
1,1514499360000,29 12 2017,http://arthurpetry.com/podcastgen/?name=2017-12-28_29_12_2017.mp3,último podcast de 2017 bichos :')
0,1515171240000,05 01 2018,http://arthurpetry.com/podcastgen/?name=2018-01-05_05_01_2018.mp3,primeiro podcast de 2018 aí
0,1515707340000,12 01 2018,http://arthurpetry.com/podcastgen/?name=2018-01-11_12_01_2018.mp3,PRA QUE TU QUER DESCRIÇÃO Ô BOSTA
1,1516375320000,19 01 2018,http://arthurpetry.com/podcastgen/?name=2018-01-19_19_01_2018.mp3,=D
0,1516974660000,26 01 2018,http://arthurpetry.com/podcastgen/?name=2018-01-26_26_01_2018.mp3,NINGUÉM QUER SABER A TUA OPINIÃO SOBRE A CONDENAÇÃO DO LULA BICHO
1,1517588640000,02 02 2018,http://arthurpetry.com/podcastgen/?name=2018-02-02_02_02_2018.mp3,cara sei lá
0,1518355260000,10 02 2018,http://arthurpetry.com/podcastgen/?name=2018-02-11_10_02_2018.mp3,esse podcast foi ao vivo no youtube
0,1518796680000,16 02 2018,http://arthurpetry.com/podcastgen/?name=2018-02-16_16_02_2018.mp3,isso era o que eu tinha pra dizer nesse dia
0,1519407120000,23 02 2018,http://arthurpetry.com/podcastgen/?name=2018-02-23_23_02_2018.mp3,coisa chata
0,1519818480000,Terça na Cama #1,http://arthurpetry.com/podcastgen/?name=2018-02-28_terca_na_cama_1.mp3,PODCAST CURTINHO PRA DIVULGAR UM SHOW
0,1520011740000,02 03 2018,http://arthurpetry.com/podcastgen/?name=2018-03-02_02_03_2018.mp3,puta dor de ouvido
0,1520550480000,08 03 2018,http://arthurpetry.com/podcastgen/?name=2018-03-08_08_03_2018.mp3,FELIZ DIA DAS COLHERES
0,1521215580000,16 03 2018,http://arthurpetry.com/podcastgen/?name=2018-03-16_16_03_2018.mp3,pa pa pa pa pa pa pa 
1,1521823620000,23 03 2018,http://arthurpetry.com/podcastgen/?name=2018-03-23_23_03_2018.mp3,o final valeu a pena
0,1522442640000,30 03 2018,http://arthurpetry.com/podcastgen/?name=2018-03-30_30_03_2018.mp3,tá aí
0,1523030880000,06 04 2018,http://arthurpetry.com/podcastgen/?name=2018-04-06_06_04_2018.mp3,desânimo completo
1,1523636160000,13 04 2018,http://arthurpetry.com/podcastgen/?name=2018-04-13_13_04_2018.mp3,eae
0,1524499440000,23 04 2018,http://arthurpetry.com/podcastgen/?name=2018-04-23_23_04_2018.mp3,não sei a descrição 
1,1524846420000,27 04 2018,http://arthurpetry.com/podcastgen/?name=2018-04-27_27_04_2018.mp3,esse ficou bom no final tem uma surpresa
0,1525450260000,04 05 2018,http://arthurpetry.com/podcastgen/?name=2018-05-04_04_05_2018.mp3,NO FINAL TEM UMA SURPRESA
0,1526173740000,11 05 2018,http://arthurpetry.com/podcastgen/?name=2018-05-12_11_05_2018.mp3,Petry fala sobre insônia e como aterrorizar a família de um trabalhador 
0,1526833800000,18 05 2018,http://arthurpetry.com/podcastgen/?name=2018-05-20_18_05_2018.mp3,Petry passa 30 minutos reclamando da NET e desejando a morte de grandes empresários. Depois lê e-mails da forma mais irritada possível e encerra o programa de forma abrupta. 
1,1527293100000,25 05 2018,http://arthurpetry.com/podcastgen/?name=2018-05-25_25_05_2018.mp3,PETRY FALA SOBRE COMO RESISTIR AO RODRIGO HILBERT PELADO SENTADO DE PERNA ABERTA NO TEU SOFÁ COM A ROLA DURA QUANDO TU CHEGAR EM CASA DO TRABALHO
0,1527871140000,01 06 2018,http://arthurpetry.com/podcastgen/?name=2018-06-01_01_06_2018.mp3,PETRY TORCE PARA QUE ACONTEÇA RACIONAMENTO DE COMIDA NO BRASIL PARA DESCOBRIRMOS QUEM TEM PROBLEMA NA TIREOIDE E QUEM TÁ MENTINDO 
0,1528413420000,08 06 2018,http://arthurpetry.com/podcastgen/?name=2018-06-07_08_06_2018.mp3,"A HUMANIDADE É VÍRUS, CHEGA DE SER HUMANO PELO AMOR DE DEUS"
1,1529073040000,15 06 2018,http://arthurpetry.com/podcastgen/?name=2018-06-15_15_06_2018.mp3,Arthur Petry
0,1529339520000,Especial Copa do Mundo 2018 #1,http://arthurpetry.com/podcastgen/?name=2018-06-18_especial_copa_do_mundo_1.mp3,Especial pós Brasil 1x1 Suíça 
0,1529681640000,22 06 2018,http://arthurpetry.com/podcastgen/?name=2018-06-22_22_06_2018.mp3,Pós Brasil 2x0 Costa Rica
0,1530289860000,29 06 2018,http://arthurpetry.com/podcastgen/?name=2018-06-29_29_06_2018.mp3,UM DIA ANTES DE COMEÇAR AS OITAVAS DA COPA
0,1530631080000,Especial Copa do Mundo 2018 #2,http://arthurpetry.com/podcastgen/?name=2018-07-03_especial_copa_do_mundo_2018_2.mp3,Pós Brasil 2x0 México
0,1530909420000,06 07 2018,http://arthurpetry.com/podcastgen/?name=2018-07-06_06_07_2018.mp3,Pós Brasil 1x2 Bélgica
0,1531505640000,13 07 2018,http://arthurpetry.com/podcastgen/?name=2018-07-13_13_07_2018.mp3,CHEGA DE VIZINHO DE MERDA
0,1532108160000,20 07 2018,http://arthurpetry.com/podcastgen/?name=2018-07-20_20_07_2018.mp3,Olha cara eu não faço a menor ideia do que eu falei aí 
0,1532698800000,27 07 2018,http://arthurpetry.com/podcastgen/?name=2018-07-27_27_07_2018.mp3,esse ficou bem ruim
0,1533294600000,03 08 2018,http://arthurpetry.com/podcastgen/?name=2018-08-03_03_08_2018.mp3,"Esse tá tão chato que eu vou te adiantar os assuntos que é pra tu nem apertar no play: Grêmio vs Flamengo, Roda Viva com o Bolsonaro e mais algum assunto chatíssimo que eu esqueci agora."
0,1533486540000,Birlcast #5,http://arthurpetry.com/podcastgen/?name=2018-08-05_birlcast_5.mp3,"Arthur Petry e Tiago Carvalho dão dicas de treino, nutrição e como manter o foco mesmo com as dificuldades que a vida nos apresenta!"
0,1533853560000,10 08 2018,http://arthurpetry.com/podcastgen/?name=2018-08-09_10_08_2018.mp3,"Não saber lutar, numerólogo e e-mails."
0,1534519680000,17 08 2018,http://arthurpetry.com/podcastgen/?name=2018-08-17_17_08_2018.mp3,infelizmente não tem descrição 
0,1535128260000,24 08 2018,http://arthurpetry.com/podcastgen/?name=2018-08-24_24_08_2018.mp3,PIOR PODCAST DO MÊS NEM PRECISA OUVIR 
0,1535733720000,31 08 2018,http://arthurpetry.com/podcastgen/?name=2018-08-31_31_08_2018.mp3,jair bolsonaro no jornal nacional isso não é um clickbait
0,1536282300000,07 09 2018,http://arthurpetry.com/podcastgen/?name=2018-09-06_07_09_2018.mp3,eu não falo sobre a facada no bolsonaro 
0,1536929400000,14 09 2018,http://arthurpetry.com/podcastgen/?name=2018-09-14_14_09_2018.mp3,"facada, cocô, museu, amazon prime, estômago, netflix"
0,1537530060000,21 09 2018,http://arthurpetry.com/podcastgen/?name=2018-09-21_21_09_2018.mp3,estou andando com um bife mal passado pelas ruas da cidade
0,1538132280000,28 09 2018,http://arthurpetry.com/podcastgen/?name=2018-09-28_28_09_2018.mp3,"Petry fala sobre orgasmo feminino, vaiar o Luan e eu não lembro mais o resto."
0,1538696760000,05 10 2018,http://arthurpetry.com/podcastgen/?name=2018-10-04_05_10_2018.mp3,insira um clickbait aqui
1,1539354600000,12 10 2018,http://arthurpetry.com/podcastgen/?name=2018-10-12_12_10_2018.mp3,"Petry tenta entender o que é corpus christi, fala mais alguma coisa que eu esqueci e outra coisa que eu esqueci"
0,1539955860000,19 10 2018,http://arthurpetry.com/podcastgen/?name=2018-10-19_19_10_2018.mp3,MUITO CHATO
0,1540556280000,26 10 2018,http://arthurpetry.com/podcastgen/?name=2018-10-26_26_10_2018.mp3,por mim já deu de escrever descrição
0,1541166540000,02 11 2018,http://arthurpetry.com/podcastgen/?name=2018-11-02_02_11_2018.mp3,"Crítica ao martelo, dia da eleição e Bressan"
0,1541586420000,07 11 2018,http://arthurpetry.com/podcastgen/?name=2018-11-07_07_11_2018.mp3,Podcast pré-shows em São Paulo
0,1542381600000,16 11 2018,http://arthurpetry.com/podcastgen/?name=2018-11-16_16_11_2018.mp3,Pós-shows em SP
0,1542925200000,23 11 2018,http://arthurpetry.com/podcastgen/?name=2018-11-22_23_11_2018.mp3,FUI PROCESSADO POR CAUSA DO PODCAST
0,1543235460000,26 11 2018,http://arthurpetry.com/podcastgen/?name=2018-11-26_26_11_2018.mp3,Segunda-feira especial.
0,1543584000000,30 11 2018,http://arthurpetry.com/podcastgen/?name=2018-11-30_30_11_2018.mp3,programinha burocrático pra cumprir tabela
0,1544187900000,07 12 2018,http://arthurpetry.com/podcastgen/?name=2018-12-07_07_12_2018.mp3,Petry fala sobre um monte de coisa que eu esqueci
0,1544792520000,14 12 2018,http://arthurpetry.com/podcastgen/?name=2018-12-14_14_12_2018.mp3,muito ruim esse nem ouve
0,1545388500000,21 12 2018,http://arthurpetry.com/podcastgen/?name=2018-12-21_21_12_2018.mp3,"PARA DE USAR ROSA E TERMINA O RELACIONAMENTO COM ESSA GORDA AÍ, MEU"
1,1545695640000,Especial de Natal 2018,http://arthurpetry.com/podcastgen/?name=2018-12-24_especial_natal_2018.mp3,"Tsunami na Indonésia, ceia de natal e Sandra Bullock"
1,1546034160000,28 12 2018,http://arthurpetry.com/podcastgen/?name=2018-12-28_28_12_2018.mp3,Último de 2018
0,1546300440000,Especial Ano Novo 18 pra 19,http://arthurpetry.com/podcastgen/?name=2018-12-31_especial_ano_novo_18_pra_19.mp3,Na verdade esse é o último de 2018
1,1546618440000,04 01 2019,http://arthurpetry.com/podcastgen/?name=2019-01-04_04_01_2019.mp3,Primeiro podcast de 2019
1,1547164260000,11 01 2019,http://arthurpetry.com/podcastgen/?name=2019-01-10_11_01_2019.mp3,vaaaaaaaaaaaaaaaaaaaaaaaaaai
1,1547819880000,18 01 2019,http://arthurpetry.com/podcastgen/?name=2019-01-18_18_01_2019.mp3,tá ruim nem ouve
1,1548371700000,25 01 2019,http://arthurpetry.com/podcastgen/?name=2019-01-24_25_01_2019.mp3,"Petry fala sobre a saúde de Tiago Carvalho, treinar de All Star e Batman"
1,1549041060000,01 02 2019,http://arthurpetry.com/podcastgen/?name=2019-02-01_01_02_2019.mp3,Pós-show em Curitiba
1,1549640700000,08 02 2019,http://arthurpetry.com/podcastgen/?name=2019-02-08_08_02_2019.mp3,"É muito absurdo tanto desastre acontecendo em 2019!!! Devemos cobrar das autoridades maior segurança, saúde e educação!!!!!!!!!!!!!!!!!!!!!"
1,1550240160000,15 02 2019,http://arthurpetry.com/podcastgen/?name=2019-02-15_15_02_2019.mp3,"""só tô tentando entender o que é a vida"""
1,1550856960000,22 02 2019,http://arthurpetry.com/podcastgen/?name=2019-02-22_22_02_2019.mp3,"Notícias sobre o processo, quebrar o dedão e uma ideia sensacional pra um filme"
1,1551452340000,01 03 2019,http://arthurpetry.com/podcastgen/?name=2019-03-01_01_03_2019.mp3,"Oi gentee!!!! Esse episódio está super especial!! Vamos ficar por dentro das melhores fantasias pra esse carnaval, afinal depilar ou não depilar a axila pra ficar com aquele boy e mais assuntos polêmicos! isso você só encontra aqui no podcast saco cheio!!"
1,1552063200000,08 03 2019,http://arthurpetry.com/podcastgen/?name=2019-03-08_08_03_2019.mp3,"Esse podcast é uma homenagem para todas as mulheres guerreiras, lutadoras, independentes e fortes! Sem elas nós não seríamos nada!"
1,1552646460000,15 03 2019,http://arthurpetry.com/podcastgen/?name=2019-03-15_15_03_2019.mp3,bom tá aí o podcast
1,1553280120000,22 03 2019,http://arthurpetry.com/podcastgen/?name=2019-03-22_22_03_2019.mp3,TODAS AS NOTÍCIAS SOBRE A PRISÃO DO EX-VICE-PRESIDENTE-MICHEL-TEMER!!!!!!!!!!!!!!!!!!!!!!!!!! breAKING NEWS
1,1553886300000,29 03 2019,http://arthurpetry.com/podcastgen/?name=2019-03-29_29_03_2019.mp3,"Acabei de gravar e já esqueci o que eu falei, então essa é a descrição."
1,1554477660000,05 04 2019,http://arthurpetry.com/podcastgen/?name=2019-04-05_05_04_2019.mp3,"Não existe ""óculos de realidade aumentada""."
1,1555113180000,12 04 2019,http://arthurpetry.com/podcastgen/?name=2019-04-12_12_04_2019.mp3,"Arthur Petry, Tiago Carvalho e Igor de Castro conversam no airbnb onde estão hospedados para o show em Porto Alegre."
1,1555696620000,19 04 2019,http://arthurpetry.com/podcastgen/?name=2019-04-19_19_04_2019.mp3,Escrever descrição é muito chato
1,1556227800000,26 04 2019,http://arthurpetry.com/podcastgen/?name=2019-04-25_26_04_2019.mp3,Crise na Avianca e laçador.
1,1556906220000,03 05 2019,http://arthurpetry.com/podcastgen/?name=2019-05-03_03_05_2019.mp3,Shows no Rio e príncipes. 
1,1557525240000,10 05 2019,http://arthurpetry.com/podcastgen/?name=2019-05-10_10_05_2019.m4a,Podcast directamente da República Dominicana sobre chalalas estrangeiras
1,1558113420000,17 05 2019,http://arthurpetry.com/podcastgen/?name=2019-05-17_17_05_2019.mp3,Podcast sobre as experiências na República Dominicana.
1,1558716900000,24 05 2019,http://arthurpetry.com/podcastgen/?name=2019-05-24_24_05_2019.mp3,"Família que morreu no Chile, Avengers e e-mails."
1,1559321160000,31 05 2019,http://arthurpetry.com/podcastgen/?name=2019-05-31_31_05_2019.mp3,"Hipocrisia, cocaína e Copa do Mundo de mulher"
1,1559926080000,07 06 2019,http://arthurpetry.com/podcastgen/?name=2019-06-07_07_06_2019.mp3,"Neymar, Everest e e-mails"
1,1560529680000,14 06 2019,http://arthurpetry.com/podcastgen/?name=2019-06-14_14_06_2019.mp3,não faço a menor ideia do que falei aí
1,1561119180000,21 06 2019,http://arthurpetry.com/podcastgen/?name=2019-06-21_21_06_2019.mp3,Marta é melhor que Klose
1,1561389840000,Desinformação #001 - Piloto,http://arthurpetry.com/podcastgen/?name=2019-06-24_001_desinformacao_piloto.mp3,Arthur Petry e Tiago Carvalho falam sobre se sentir mal no dia do aniversário e comentam as notícias do fim de semana.
1,1561739460000,28 06 2019,http://arthurpetry.com/podcastgen/?name=2019-06-28_28_06_2019.mp3,provavelmente o pior programa já feito na história da comunicação mundial
1,1561994880000,Desinformação #002 - Tudo é a Matrix,http://arthurpetry.com/podcastgen/?name=2019-07-01_002_desinformacao_-_tudo_e_a_matrix.mp3,"Arthur Petry e Tiago Carvalho falam sobre a Matrix, concluem que a corrupção é natural e tentam entender o povo de Brasília "
1,1562323620000,05 07 2019,http://arthurpetry.com/podcastgen/?name=2019-07-05_05_07_2019.mp3,nesse episódio eu vou te explicar o que é um mgtow e a filosofia redpill pra vc ser um REDPILLADO blackpill bluepill
1,1562606160000,Desinformação #003 - O Rappa recolhendo cobertor de mendigo,http://arthurpetry.com/podcastgen/?name=2019-07-08_003_desinformacao_-_o_rappa_recolhendo_cobertor_de_mendigo.mp3,Arthur Petry e Tiago Carvalho
1,1562927820000,12 07 2019,http://arthurpetry.com/podcastgen/?name=2019-07-12_12_07_2019.mp3,Genteeee esse podcast tá tudooooooooooooooooooooooooooooooooooooooooooooooooooooooooooooooooooo adorooooooooooooooooooooooooooooooooooooooooooooooooooooooooooooooooo bom dia
1,1563198900000,Desinformação #004 - Não há motivos para preservar a Amazônia,http://arthurpetry.com/podcastgen/?name=2019-07-15_004_desinformacao_-_nao_ha_motivos_para_preservar_a_amazonia.mp3,isso mesmo nesse podcast você vai ficar SABENDO que não há NENHUM MOTIVO pra preservar a Amazônia 
1,1563534480000,19 07 2019,http://arthurpetry.com/podcastgen/?name=2019-07-19_19_07_2019.mp3,hmmmmm
1,1563811560000,Desinformação #005 - De qual mulher você compraria a água do banho?,http://arthurpetry.com/podcastgen/?name=2019-07-22_005_desinformacao_-_de_qual_mulher_voce_compraria_a_agua_do_banho.mp3,nesse podcast você vai ficar SABENDO de qual mulher nós compraríamos a água do banho e BEBERÍAMOS.
1,1564140840000,26 07 2019,http://arthurpetry.com/podcastgen/?name=2019-07-26_26_07_2019.mp3,é impossível ter autoestima
1,1564414440000,Desinformação #006 - Pai abriu um tchutcheiro pra salvar o filho,http://arthurpetry.com/podcastgen/?name=2019-07-29_006_desinformacao_-_pai_abriu_um_tchutcheiro_pra_salvar_o_filho.mp3,"Arthur Petry e Tiago Carvalho falam sobre esquecer bebês trancados no carro, falam sobre o pai que desviou o dinheiro pra salvar o filho de uma doença pra abrir um tchutcheiro e mais LOUCURAS desse tipo. Ouve merda BURRO bosta"
1,1564743000000,02 08 2019,http://arthurpetry.com/podcastgen/?name=2019-08-02_02_08_2019.mp3,particularmente eu acho que esse podcast tem que ser TOMBADO como patrimônio nacional de tão bom que ficou
1,1565017200000,Desinformação #007 - Mgtower mata influencer que zombou da masculinidade dele,http://arthurpetry.com/podcastgen/?name=2019-08-05_desinf7trecho.mp3,"Arthur Petry e Tiago Carvalho falam sobre um mgtower assassino, Felipão desejando morte de jogadores e detalham minuciosamente como opera a MATRIX. PARA OUVIR A VERSÃO COMPLETA, ASSINE O SACOCHEIO.TV!"
1,1565377371000,09 08 2019,http://arthurpetry.com/podcastgen/?name=2019-08-09_09_08_2019_free.mp3,"Nesse podcast eu falo sobre SÃO PAULO, sobre STARBUCKS e sobre achar que todas aeromoças estão dando em cima de mim porque elas são obrigadas a ser simpáticas com os clientes. Acesse: https://www.sacocheio.tv"
1,1565958060000,16 08 2019,http://arthurpetry.com/podcastgen/?name=2019-08-16_16_08_2019_free.mp3,Oi daddies!!!!!!!!! No podcast de hoje eu levo muita diversão pra vocês com a minha voz sexy e aveludada... ;) Espero que gostem hehehhe bjs s2
1,1566231420000,Desinformação #009 - O melhor corrupto do Brasil,http://arthurpetry.com/podcastgen/?name=2019-08-19_desinfo_009_free.mp3,"Nesse episódio a gente conta a história do MELHOR corrupto deste PAÍS, falamos sobre festa de autista e no final REVELAMOS o que vamos fazer com o dinheiro da SUA assinatura."
1,1566568320000,23 08 2019,http://arthurpetry.com/podcastgen/?name=2019-08-23_23_08_2019_free.mp3,"Oi gente. Nesse programa eu falo sobre áreas de preservação de índios, minha experiência no jogo do Grêmio contra o Palmeiras e no final baixa o LEANDRO KARNAL e eu dou GRANDES DICAS de como seguir o seu SONHO e como superar fim de relacionamento. Bjs."
1,1566834900000,Desinformação #010 - Luto pela Amazônia,http://arthurpetry.com/podcastgen/?name=2019-08-26_010_desinformacao_-_luto_pela_amazonia_free.mp3,"Gente, esse programa é muito sério. O Brasil está passando por um momento turbulento e não há motivos nem razões para fazer graça disso, ok? O programa de hoje é para CONSCIENTIZAR sobre a importância da Amazônia que nós estamos deixando morrer. #Lutopela"
1,1567175640000,30 08 2019,http://arthurpetry.com/podcastgen/?name=2019-08-30_30_08_2019_free_com_intro.mp3,"Olá pessoal, eu não lembro do que eu falei nesse podcast porque estou escrevendo isso aqui muitas horas depois de gravar. Então será uma caixinha de surpresa!!!!"
1,1567252260000,Sábado Especial #4,http://arthurpetry.com/podcastgen/?name=2019-08-31_sabado_especial_4.mp3,"Nesse podcast eu descubro que a Cássia Eller fez uma música pra mim, falo do meu SONHO com a Paolla Oliveira e tenho uma sessão de TERAPIA com o meu PÊNIS."
1,1567445100000,Desinformação #011 - Nós nos esnucamos,http://arthurpetry.com/podcastgen/?name=2019-09-02_011_desinformacao_-_nos_nos_esnucamos_free.mp3,"Nesse PROGRAMA, eu, Arthur Petry, SOZINHO, falo sobre um russo que ia fazer transplante de cabeça, mas desistiu porque comeu uma gostosa, crio uma tese BRILHANTE sobre a humanidade ter se ESNUCADO e vejo um vídeo da LUANA PIOVANI feliz porque o EX dela fo"
1,1567792020000,06 09 2019,http://arthurpetry.com/podcastgen/?name=2019-09-06_06_09_2019.mp3,"Oi gente, nesse programa eu falo sobre a ELIMINAÇÃO da MERDA do meu TIME DE MERDA pro ATHLETICO, depois tento entender o que é um FURACÃO e reflito sobre como lidar com a ideia do suicídio."
1,1568051040000,Desinformação #012 - Lembranças da infância,http://arthurpetry.com/podcastgen/?name=2019-09-09_012_desinformacao_-_lembrancas_da_infancia_free.mp3,"Nesse programa extremamente MELANCÓLICO, nós tentamos entender o que se passa no nosso ÍNTIMO e acabamos por relembrar momentos marcantes da nossa infância em busca de respostas. Recordamos a primeira vez que sentimos vontade de chorar sem motivo"
1,1568394240000,13 09 2019,http://arthurpetry.com/podcastgen/?name=2019-09-13_13_09_2019_free.mp3,cara não sei o que eu falei aí
1,1568651340000,Desinformação #013 - Beatles,http://arthurpetry.com/podcastgen/?name=2019-09-16_013_desinformacao_-_os_beatles_free.mp3,"Arthur Petry descobriu The Beatles há dois dias e conversa com Tiago Carvalho, fã da banda, sobre o GRUPO DE LIVERPOOL, depois concluem que é muito provável o Paul McCartney ser um robô e falam sobre o primeiro contato com o Winning Eleven."
1,1568887440000,18 09 2019,http://arthurpetry.com/podcastgen/?name=2019-09-19_18_09_2019_free.mp3,"Olá pessoal nesse podcast eu fico irritado por ter decidido não levar o notebook pra Brasília, depois me irrito com a personagem secundária do filme Yesterday e depois EXPLICO como o filme Sr. e Sra. Smith pode SALVAR futuras BROXADAS."
1,1569421560000,Desinformação #014 - Sincronicidade,http://arthurpetry.com/podcastgen/?name=2019-09-25_014_desinformacao_-_sincronicidade_free.mp3,"Nesse programa nós falamos sobre as aventuras em Brasília, sobre sincronicidade e sobre as mudanças internas após esse BELÍSSIMO show que fizemos na CAPITAL DO BRASIL. Obrigado."
1,1569444420000,25 09 2019,http://arthurpetry.com/podcastgen/?name=2019-09-25_25_09_2019_free.mp3,"Nesse podcast eu falo sobre lugares que te chamam pelo nome, tento entender o que é diabetes, como lidar com o vazio e friendzone."
1,1569957660000,"Desinformação #015 - Obrigado, Curitiba",http://arthurpetry.com/podcastgen/?name=2019-10-01_015_desinformacao_-_obrigado__curitiba_free.mp3,Nesse programa nós falamos das mudanças internas depois do show em Curitiba.
1,1570215960000,04 10 2019,http://arthurpetry.com/podcastgen/?name=2019-10-04_04_10_2019.mp3,"Nesse podcast eu desconto a raiva de mim mesmo na câmera, falo sobre a mulher que torrou o saco do Vagner Martins e foi xingada de volta, sobre Felipe Neto e George Carlin e leio GRANDES e-mails. Bjs!!!!!!!!!!!!!!!!"
1,1570475820000,Desinformação #016 - Comédia é tragédia e tragédia é comédia,http://arthurpetry.com/podcastgen/?name=2019-10-07_016_desinformacao_-_tragedia_e_comedia_e_comedia_e_tragedia.mp3,Nesse programa nós falamos sobre os preparativos para o show no Rio de Janeiro e a relação entre comédia e tragédia.
1,1571516400000,18 10 19,http://arthurpetry.com/podcastgen/?name=2019-10-19_18_10_19_free.mp3,"Nesse podcast, diretamente do RIO DE JANEIRO, eu falo sobre Will Smith, Anitta e usar hotel como clínica de aborto clandestina."
1,1572637020000,01 11 2019,http://arthurpetry.com/podcastgen/?name=2019-11-01_01_11_2019.mp3,"Nesse programa, direto de BELO HORIZONTE, eu falo sobre a cidade, o show, leio e-mails e outras loucuras."
1,1573491660000,Desinformação #021 - Evo Morales fuê embuera,http://arthurpetry.com/podcastgen/?name=2019-11-11_021_desinformacao_-_evo_morales_fue_embuera_free.mp3,"Nesse programa, EU, ARTHUR PETRY, SOZINHO, dou as últimas informações sobre a renúncia de Evo Morales e resolvo questões do ENEM."
1,1574090280000,15 11 2019,http://arthurpetry.com/podcastgen/?name=2019-11-18_15_11_2019_free.mp3,"No programa de hoje, eu tento entender o feriado de 15 de novembro, crio o meu próprio CULTO, tento entender por qual motivo um mendigo que conversou comigo conhece o REI ARTUR, dou início ao CICLO ARTHURIANO II e depois desbravo uma das maiores histórias"
1,1574446200000,22 11 2019,http://arthurpetry.com/podcastgen/?name=2019-11-22_22_11_2019_free.mp3,"No programa de hoje eu falo sobre verão, Flamengo na final da Libertadores, racismo, glaucoma e no final faço uma reflexão profunda sobre a impossibilidade de ser uma pessoa melhor."
1,1575548100000,Desinformação #024 - Decodificando Deus,http://arthurpetry.com/podcastgen/?name=2019-12-05_024_desinformacao_-_decodificando_deus.mp3,"Diretamente de Porto Alegre, Petry e Tiago compreendem tudo o que há para ser compreendido. Se você fechar no início, você vai perder o maior conteúdo já criado na internet. Se você não ouvir esse podcast até o final, você vai perder a maior chance da sua"
1,1575642120000,06 12 2019,http://arthurpetry.com/podcastgen/?name=2019-12-06_06_12_2019.mp3,"hoje eu falo sobre morrer em dezembro, colocar foto de outro homem no wallpaper do celular, crio o primeiro seminário de debates inúteis, tento entender por que matam bebês na china e dou uma das maiores dicas de vida pra você"
1,1576252320000,13 12 2019,http://arthurpetry.com/podcastgen/?name=2019-12-13_13_12_2019_free.mp3,Olá TURMA. Nesse podcast eu falo sobre: namorar a Greta Thunberg e tentar fazer uma surpresa de lua de mel pra ela e depois crio o COMANDO DE CAÇA AOS POLITIZADOS e passo cerca de uma hora e meia falando sobre isso!!!!!!!!!!!!!!!!!!!!!!!!!!!!!!!!!!!!!!!
1,1576612980000,Desinformação #026 - Xota anafilática,http://arthurpetry.com/podcastgen/?name=2019-12-17_026_desinformacao_-_xota_anafilatica.mp3,"Olá hoje nós falamos sobre o que vamos fazer no natal, Conversa com Bial ter realizado um COVER do Podcast Saco Cheio, não saber onde está ao acordar, vikings, policiais, nenê colmeia e mais algumas coisas que você só vai saber se ouvir!!!!!"
1,1577052780000,20 12 2019,http://arthurpetry.com/podcastgen/?name=2019-12-22_20_12_2019_free.mp3,"Olá galera nesse podcast eu estou tentando me recuperar de uma doença, então falo sobre diarreia e câncer e depois faço um balanço do meu 2019 interno."
1,1577449800000,27 12 2019,http://arthurpetry.com/podcastgen/?name=2019-12-27_27_12_2019_free.mp3,"Olá galera, no último podcast do ano eu atualizo o meu CÂNCER NO INTESTINO, falo sobre ter ido no hospital e ele estar SUPERLOTADO, depois falo sobre uma série do Netflix que estou assistindo nesses dias de CAMA e leio alguns e-mails."
1,1578070140000,03 01 2020,http://arthurpetry.com/podcastgen/?name=2020-01-03_03_01_2020.mp3,"Fala galera!!!! Nesse podcast eu falo sobre as promessas pra 2020, bomba na Porta dos Fundos, o cara que levou 11 mulheres pra ver o filme Bacurau, sobre o papa empurrando a fiel e depois leio e-mails."
1,1578335820000,Desinformação #29 - Minas Específicas,http://arthurpetry.com/podcastgen/?name=2020-01-06_029_desinformacao_-_minas_especificas.mp3,Olá galera!!!! Nesse podcast você vai encontrar a MELHOR COBERTURA sobre a guerra entre Estados Unidos e Irã. Também falamos sobre feminicídio e meditação. BJS!!!!!!!!
1,1579441920000,17 01 2020,http://arthurpetry.com/podcastgen/?name=2020-01-19_17_01_2020_free.mp3,"No podcast de hoje eu falo sobre São Paulo ter muitos gays, dançar e cantar, sobre o cantor Victor Chaves e como pedalar em direção ao seu sonho."
1,1579456200000,Luca Mendes v2,http://arthurpetry.com/podcastgen/?name=2020-01-19_luca_mendes.mp3,"Fala galera. Nesse programa eu converso com o comediante Luca Mendes sobre comédia, medos, inseguranças, processo de criação e mais outras coisas!!"
1,1579982400000,Criss Paiva,http://arthurpetry.com/podcastgen/?name=2020-01-25_criss_paiva.mp3,"Fala, galera! Nesse programa eu converso com a comediante Criss Paiva sobre comédia, processo de criação, felicidade, tristeza, confiança, energia e outras coisas!"
1,1580532480000,Maurício Meirelles retorna,http://arthurpetry.com/podcastgen/?name=2020-01-31_meirelles.mp3,"Depois de três anos e muitas mudanças, Maurício Meirelles volta ao Podcast Saco Cheio. Nós conversamos sobre inseguranças, traumas, comédia, escrita, execução, ódio e mais um monte de coisa."
1,1580676420000,31 01 2020,http://arthurpetry.com/podcastgen/?name=2020-02-02_31_01_2020_free.mp3,"Fala galera, hoje eu falo sobre o meu show no Pico Comedy, sobre hetero top, foto de mulher no instagram, playboy, sopa e no final aquela REFLEXÃO de sempre. Beijos!!!!!"
1,1580826540000,Desinformação #33 - Bolinho de Macau,http://arthurpetry.com/podcastgen/?name=2020-02-04_033_-_desinformacao_-_bolinho_de_macau.mp3,"No programa de hoje você vai ficar por dentro das últimas informações sobre o coronavírus, plano de sedução no big brother e tipos de vibradores!!!!!!!!"
1,1581080820000,07 02 2020,http://arthurpetry.com/podcastgen/?name=2020-02-07_07_02_2020.mp3,"No programa de hoje eu falo sobre Aerosmith e conhecer o Whindersson Nunes. Depois faço uma longa terapia e falo sobre julgar menos, fracassar, estar de coração aberto e se desarmar. Beijos!!!"
1,1581683700000,14 02 2020,http://arthurpetry.com/podcastgen/?name=2020-02-14_14_02_2020_free.mp3,"Olá, galera. No programa de hoje eu falo sobre acordar com susto pegando no sono, Renato Russo, repercussões do último podcast e, no final, como colocar os seus demônios pra dançar. Apoie o podcast em https://www.sacocheio.tv OBRIGADO!!!"
1,1582282920000,21 02 2020,http://arthurpetry.com/podcastgen/?name=2020-02-21_21_02_2020_free.mp3,"Olá, TURMA. No programa de hoje eu falo sobre ter compartilhado um momento íntimo de 2 segundos com uma anônima na rua, cego que anda de skate, ir no cinema com diarreia de passarinho na camiseta e faço o MELHOR REVIEW sobre o filme O PARASITA."
1,1582832340000,Desinformação #35 - Carnaval 2020,http://arthurpetry.com/podcastgen/?name=2020-02-27_035_-_desinformacao_-_carnaval_2020_free.mp3,"Olá, galera!! No Desinformação de carnaval você vai ver como é fácil resolver as problematizações que acontecem no período da FOLIA, vai ouvir argumentos para a legalização da cocaína e mais um monte de BOBAGEM!!! Boas festas!!!!"
1,1582904280000,28 02 2020,http://arthurpetry.com/podcastgen/?name=2020-02-28_28_02_2020_free.mp3,"Olá, galera. No programa de hoje eu crio novas regras linguísticas, falo sobre reserva indígena, enredo de escola de samba, ver morte em tudo e ter momentos de epifania do nada que faz doer o coração."
1,1583170140000,Desinformação #36 - Gincana Financeira,http://arthurpetry.com/podcastgen/?name=2020-03-02_036_-_desinformacao_-_gincana_financeira.mp3,"No programa de hoje: pessoas ficando bilionárias com o corona, declaração do imposto de renda, o que é a gravidez e Marcos Pasquim."
1,1583508480000,06 03 2020,http://arthurpetry.com/podcastgen/?name=2020-03-06_06_03_2020.mp3,"Num dos podcasts mais insanos da história, eu falo sobre pessoas que falam no cinema durante o filme, transar ouvindo The Weeknd, inicio a minha campanha presidencial pra 2022 e desvendo todos os mistérios em volta da novela Jair AND Michelle: La Traición"
1,1583766600000,Desinformação #37 - Coronaldinho Gaúcho,http://arthurpetry.com/podcastgen/?name=2020-03-09_trecho37.mp3,"Petry e Tiago descobrem que o coronavírus É a reforma da previdência, lançam a campanha R10 da nike para 2020 e comentam sobre o BIG BROTHER."
1,1584118436000,13 03 2020,http://arthurpetry.com/podcastgen/?name=2020-03-13_13_03_2020_free.mp3,"Olá, galera. Nesse estranho podcast, eu faço uma GRANDE dissertação sobre o corona, leio e-mails, revelo uma NOVIDADE do SacoCheioTV e termino de forma estranha."
1,1584374580000,Desinformação #38 - Azedou a maionese,http://arthurpetry.com/podcastgen/?name=2020-03-16_trecho38desinfo.mp3,"No programa de hoje falamos mais um pouco sobre corona, teorias da conspiração e Silvio Luiz."
1,1584739320000,20 03 2020,http://arthurpetry.com/podcastgen/?name=2020-03-20_20_03_2020_free.mp3,"No primeiro podcast PÓS QUARENTENA, eu falo sobre estocar papel higiênico, discuto com o CORONA, começo a enlouquecer e tento entender o que é um vírus."
1,1584980816000,Desinformação #40 - Tiago está com corona?,http://arthurpetry.com/podcastgen/?name=2020-03-23_trechosite40.mp3,"Olá PESSOAL. Hoje Tiago e Arthur trazem OLAVO DE BARALHO programa, contam a história do sobrevivente do HOLOCAUSTO de 88 anos que morreu de corona e trazem as notícias mais QUENTINHAS para você que está de QUARENTENA se PEIDANDO de medo de um MICROORGANIS"
1,1585424520000,27 03 2020,http://arthurpetry.com/podcastgen/?name=2020-03-28_2020-03-27_27_03_2020_free.mp3,"Olá, TURMA. Mais um programa endoidando por causa da quarentena. Xadrez, reunião das doenças intimidando o corona, mandar foto de agora, digital influencer durante o apocalipse, leitura de e-mails entre outros assuntos estão nesse programa!!! Bjs!!!"
1,1585582860000,Desinformação #42 - Quarentena do Vitor Kley,http://arthurpetry.com/podcastgen/?name=2020-03-30_desinfo_42_trecho.mp3,"Olá galera!! Mais um Desinformação com as notícias mais quentinhas sobre o CORONA: polêmicas do Bolsonaro, Justus se justificando (rs), Vitor Kley tocando O SOL VE SE NÃO ESQUECE na sala e descobrindo novos países por causa do corona. BJS!!"
1,1585945500000,03 04 2020,http://arthurpetry.com/podcastgen/?name=2020-04-03_03_04_2020.mp3,"Em mais um podcast completamente INSANO, eu reclamei de SUJEIRA, falei sobre pessoas que estão cantando na varanda, questionei o Papa, li e-mails e levantei questões relevantes acerca de enterros."
1,1586616060000,10 04 2020,http://arthurpetry.com/podcastgen/?name=2020-04-11_10_04_2020_free.mp3,"Fala GALERA. No podcast de hoje eu falo sobre cocô humano em São Paulo, sacola biodegradável, comprar um ovo de páscoa pra comer sozinho e se sentir em um livro do Umberto Eco e ser escoltado por um morador de rua até o mercado."
1,1587256020000,17 04 2020,http://arthurpetry.com/podcastgen/?name=2020-04-18_17_04_2020_free.mp3,"Hoje deu tudo errado. A internet caiu, o café ficou aguado, a tristeza bateu e o cérebro travou. Eu achei que uma pandemia seria mais emocionante do que isso. Me acompanhe nessa jornada no quinquagésimo primeiro Podcast Saco Cheio."
1,1587741780000,24 04 2020,http://arthurpetry.com/podcastgen/?name=2020-04-24_24_04_2020_free.mp3,"Olá, turma! Hoje eu falo sobre refletir sobre a vida durante o banho, ser torturado por William Bonner e Renata Vasconcellos, a melhor contribuição de Einstein pra humanidade, leio e-mails e falo sobre a série do Chicago Bulls na Netflix."
1,1588282920000,Desinformação #050 - A grande final do Miss Desinformação,http://arthurpetry.com/podcastgen/?name=2020-04-30_trecho50desinfo.mp3,"Arthur e Tiago decidem se houve FRAUDE na competição e decidem se um FINALISTA merece ser DESCLASSIFICADO ou não. Após fortes EMOÇÕES, foi DECRETADO o vencedor desta DISPUTA. Obrigado a todos que votaram!!!"
1,1588345020000,01 05 2020,http://arthurpetry.com/podcastgen/?name=2020-05-01_01_05_2020.mp3,"Olá, GALERA. No podcast de hoje eu erro o mês que estamos DUAS vezes, falo sobre montar uma cadeira, linguagem de sinais, não confiar em médico com olheira e resolvo histórias de ouvintes na LEITURA de e-mails."
1,1588621440000,Desinformação #052 - Heroína é melhor que whey,http://arthurpetry.com/podcastgen/?name=2020-05-04_52desinfocerto.mp3,"Arthur e Tiago narram mais um capítulo da NOVELA Bolsonaro x Moro, analisam benefícios e prejuízos de usar HEROÍNA, relatam como é CHATO a convivência com uma mulher, teorizam a respeito de poder pegar em bunda de mulheres livremente na rua"
1,1588787520000,Desinformação #053 - Heterofobia já!,http://arthurpetry.com/podcastgen/?name=2020-05-06_trecho53mp3.mp3,"Arthur e Tiago revelam PORQUE Adão comeu a MAÇÃ proibida no Éden, SOLUCIONAM o problema da violência doméstica e fantasiam viver no RIO DE JANEIRO dos anos 70."
1,1588972440000,08 05 2020,http://arthurpetry.com/podcastgen/?name=2020-05-08_08_05_2020_free.mp3,"Fala GALERA. No podcast de hoje eu falo sobre desentupir o ralo do banheiro, fazer a barba sozinho, DJ's, como a quarentena está sendo o MELHOR período para os homens e resolvo QUESTÃS enviadas pelo e-mail."
1,1589217780000,Desinformação #054 - Mestres do Universo,http://arthurpetry.com/podcastgen/?name=2020-05-11_54trechoarthurpetry.mp3,"Petry e Tiago ensinam a fazer um BOQUETE, falam sobre sonhos, ansiedade, sentir raiva de mulheres e, NO FIM DO PODCAST, DESENVOLVEM A IDEIA MAIS BRILHANTE DA HISTÓRIA DOS PODCASTS. OUÇA ATÉ O FIM."
1,1589839980000,15 05 2020,http://arthurpetry.com/podcastgen/?name=2020-05-18_15_05_2020_free.mp3,"Olá, GALERA. Nesse podcast eu falo sobre pessoas usando a pandemia pra se sentirem HERÓIS, andar de Jetski, como quebrar o sistema da mente feminina, resolvo QUESTÃS enviadas pelo e-mail e comento sobre os últimos episódios do The Last Dance."
1,1590161100000,22 05 2020,http://arthurpetry.com/podcastgen/?name=2020-05-22_22_05_2020_free.mp3,"Eu falei sobre se posicionar politicamente (chato), questionei se o khorona está na ponta do meu dedo, sobre tentar dormir em São Paulo e muitas outras coisas!!!"
1,1590766680000,29 05 2020,http://arthurpetry.com/podcastgen/?name=2020-05-29_29_05_2020_free.mp3,"Olá, galera!! No podcast de hoje eu falo sobre propagandas durante a pandemia, ter sobrevivido ao COVID, ter virado feminista e, depois, bate uma depressão enorme e eu fico refletindo sobre a vida."
1,1591032786000,Desinformação #060 - Exclusiva com Schumacher,http://arthurpetry.com/podcastgen/?name=2020-06-01_desinfo60ftp.mp3,"Arthur e Tiago falam sobre fascistas e antifascistas, voltar a antigos vícios, beijar um gay que acabou de gargarejar com esperma do seu amigo e se comunicam com Marcianos."
1,1591205100000,Desinformação #061 - Acabamos com o racismo,http://arthurpetry.com/podcastgen/?name=2020-06-03_61ptrecho.mp3,"Arthur e Tiago RESOLVEM o problema do racismo no MUNDO, tentam explicar o fenômeno BIZARRO de ser obrigado a se posicionar em TUDO, falam sobre comprar iPhone com o cartão do BOLSONARO e sobre levar um pé na BUNDA da namorada."
1,1591394760000,05 06 2020,http://arthurpetry.com/podcastgen/?name=2020-06-05_05_06_2020.mp3,"Olá, TURMA! Hoje eu falo sobre a minha hemorroida, racismo, chorar vendo filmes e resolvo QUESTÃS enviadas pelo E-MAIL"
1,1592058180000,12 06 2020,http://arthurpetry.com/podcastgen/?name=2020-06-13_12_06_2020_free.mp3,"Olá, GALERA. Hoje eu falo sobre estar MAL, atualizo a história da minha hemorroida, falo qual é a ÚNICA COISA que você pode comprar na farmácia sem ser considerado um ser humano INFERIOR, discorro sobre a completa LOUCURA que é a pedofilia e, no final..."
1,1592221680000,Especial Dia dos Namorados feat. Beatriz,http://arthurpetry.com/podcastgen/?name=2020-06-15_dia_do_snamorados_2020.mp3,"Olá, TURMA!!! Resolvi fazer um podcast especial de Dia dos Namorados com a Sra. Petry!!! Nós conversamos sobre Tinder, padrão de beleza do homem e da mulher, o filme 365 dias, resolvemos QUESTÕES SEXUAIS enviadas pro e-mail (algumas já resolvidas no Desinformação, mas agora com a VISÃO de uma FÊMEA) e, conforme ficamos BÊBADOS DE VINHO, falamos sobre as NECESSIDADES SEXUAIS de um FANTASMA. Obrigado!!!!"
1,1592250300000,Desinformação #064 - PC só para baixinhos,http://arthurpetry.com/podcastgen/?name=2020-06-15_desinfo64trecho.mp3,"Arthur e Tiago discutem o caso PC SIQUEIRA, inteligência artificial, deep fake, linchamento virtual, esquecer ouro em um um trem na Suíça e respondem ouvintes em mais um quadro do FALA, TIGRE."
1,1592599320000,19 06 2020,http://arthurpetry.com/podcastgen/?name=2020-06-19_19_06_2020_free.mp3,"Olá, galera! Hoje, no podcast marcado por diversas TEORIAS FURADAS, eu falei sobre o coronavírus nunca ser um GOLFINHO, o velho JONAS no correio, Simone de Beauvoir, não ajudar as pessoas na rua e, na última meia hora, dei uma das MAIORES FILOSOFADAS da H"
1,1593467160000,26 06 2020,http://arthurpetry.com/podcastgen/?name=2020-06-29_26_06_2020_free.mp3,"Não lembro de nada que falei, estou de saco cheíssimo, semana que vem voltamos ao NORMAL."
1,1593804240000,03 07 2020,http://arthurpetry.com/podcastgen/?name=2020-07-03_03_07_2020_free.mp3,"Olá, turma!! Hoje eu falo sobre CICLONE, falo mal de todas as profissões do planeta, Dan Bilzerian, Mia Khalifa, abrir uma empresa e ter um contador."
1,1594061640000,Desinformação #70 - Bruno do Bem,http://arthurpetry.com/podcastgen/?name=2020-07-06_70ftp.mp3,"Arthur e Tiago analisam a vida do economista CARLOS SARDENBERG, falam sobre a morte da arte, andar de uber a caminho de uma reunião e do Bruno do Marrone cagando mais uma live, imaginam como deve ser bom ser GAY e atualizam para os ouvintes a quantidade"
1,1594392780000,10 07 2020,http://arthurpetry.com/podcastgen/?name=2020-07-10_10_07_2020_free.mp3,não tem descrição!!!
1,1594986240000,17 07 2020,http://arthurpetry.com/podcastgen/?name=2020-07-17_17_07_2020_free.mp3,"Olá, galera!! No programa de hoje eu falo sobre ARTHUR AGUIAR e a mulher que foi CHIFRADA e tá enchendo o NOSSO SACO até HOJE, desço o pau sem motivo nenhum em IMITADORES, falo sobre a tentativa RUSSA de HACKEAR as pesquisas da vacina daquela doença insup"
1,1595163000000,Especial feat. Beatriz 02 - Climax,http://arthurpetry.com/podcastgen/?name=2020-07-19_beatriz_parte_ii.mp3,"Olá, GALERA!!! Nesse programa especial com BEATRIZ, falamos sobre ASMR, assédio, Adam Levine no ônibus, Baby Reborn, usar LSD, o filme CLIMAX, poder ser milionária de uma hora pra outra, como ter um relacionamento duradouro e resolvemos QUESTÃS enviadas E"
1,1595338620000,Desinformação #74 - Qual é a chave de liberdade?,http://arthurpetry.com/podcastgen/?name=2020-07-21_trechoftp74.mp3,"Arthur e Tiago revelam o segredo para ser verdadeiramente LIVRE, falam sobre o drama dos criadores de conteúdo que sofrem PRECONCEITO, o desembargador que CAGOU para as leis e leem o e-mail do ouvinte que achou que era gay, CHUPOU UM PAU e se arrependeu p"
1,1595593380000,24 07 2020,http://arthurpetry.com/podcastgen/?name=2020-07-24_24_07_2020_free.mp3,"Se a vida fosse um produto, você compraria? Falo como eu vou me RECONCILIAR com o meu PAI, defendo o PÂNICO e TUDO que foi feito nos anos 90, faço um cover do RODA VIVA e leio um e-mail de uma MOÇA que trocou FAVORES SEXUAIS por uma OPORTUNIDADE."
1,1596199800000,31 07 2020,http://arthurpetry.com/podcastgen/?name=2020-07-31_31_07_2020_free.mp3,"Olá, TURMA. Hoje eu falo sobre pizza de forno, Tammy Gretchen, Natura, costumes para se manter na sociedade depois da pandemia e tentei resolver um dos e-mails mais complexos da história do programa enviado por um TRANS que não era mais TRANS e estava nam"
1,1596475740000,Desinformação #78 - Jornal do F*da-se,http://arthurpetry.com/podcastgen/?name=2020-08-03_78ftp.mp3,"Arthur e Tiago falam sobre ouvintes que pegam PILHA, o que faríamos se fôssemos PRESIDENTES, uma das histórias mais tristes da história do quadro MEU PERU e, no IMPROVISO, inventam um quadro novo para o programa que é o JORNAL DO FODA-SE."
1,1596805380000,07 08 2020,http://arthurpetry.com/podcastgen/?name=2020-08-07_07_08_2020_free.mp3,"Olá, galera! Hoje eu falo sobre assistir programa religioso de manhã, Jerusalém, explosão em Beirute, Leo Lins e os gordaças, leio a atualização da história da SOPHIA e ensino a como lidar quando o Al Pacino REVELAR que ele é o próprio CAPETA."
1,1597408860000,14 08 2020,http://arthurpetry.com/podcastgen/?name=2020-08-14_14_08_2020_free.mp3,"Hoje eu falo sobre achar engraçado pegar TRANS, relato a tentativa de INVASÃO ao meu APARTAMENTO durante a MADRUGADA, provo com HISTÓRIAS que o inferno astral é REAL e falo sobre receber NUDES no WHATSAPP com a namorada do LADO."
1,1598041440000,21 08 2020 - Direto do estúdio do Flow,http://arthurpetry.com/podcastgen/?name=2020-08-21_21_08_2020_free.mp3,"Olá, turma!! Hoje eu estou um pouco ENCABULADO por estar gravando o podcast no estúdio do FLOW com PESSOAS AO REDOR, então eu não LEMBRO do que eu falei. Depois que eu lembrar eu mudo a descrição!!! Abraço!!!!"
1,1598290980000,Desinformação #84 - O beijo gay mais hétero da história,http://arthurpetry.com/podcastgen/?name=2020-08-24_trecho84gratis.mp3,"Árcthur e Baragglio falam sobre a final da CHAMPIONS, a possibilidade de Manuel NÓIER ser um robô, o beijo hétero entre El Loco e El Loco, a deputada que MATOU o marido com TRINTA TIROS e o triste caso do ouvinte que comprou uma boneca sexual realista e e"
1,1598621580000,28 08 2020,http://arthurpetry.com/podcastgen/?name=2020-08-28_28_08_2020_free.mp3,"Hoje eu falo sobre a mais recente história que nos entreteve durante essa semana, meditar até morrer, ter sido levado pra passear por Deus, ser infantil, inteligência infinita e o e-mail de um JUDEU que TRANSOU com uma NAZI."
1,1599320940000,04 09 2020,http://arthurpetry.com/podcastgen/?name=2020-09-05_ao_vivo_071__saco_cheio_podcast_com_arthur_petry_audio.mp3,"Olá, galera!!! No podcast eu falo sobre policial em cima do cavalo, autossabotagem, namorar o Hulk, Steve Jobs e Bill Gates, correios e mais um MONTE de coisa que eu NÃO LEMBRO agora!!!!!!!!!!!!!!!!"
1,1599509520000,Desinformação #87 - Falar inglês? Pra quê?,http://arthurpetry.com/podcastgen/?name=2020-09-07_87ytb.mp3,"Petry e Tiago falam sobre os MERCHANS novos da plataforma, ser gringo por um dia na própria cidade, Luciano Huck abraçando pobres com uma PAREDE de plástico, Flordelis e a mulher que trocou o marido católico POR ELE SER RELIGIOSO e adivinhem? "
1,1599829800000,11 09 2020,http://arthurpetry.com/podcastgen/?name=2020-09-11_11_09_2020_free.mp3,"Olá, galera!! Hoje eu falo sobre 11 de setembro, setembro amarelo, morar em marte, a mulher que acha que é um cavalo e leio e-mails."
1,1600099953000,desinformaçao 89 free site,http://arthurpetry.com/podcastgen/?name=2020-09-14_desinformacao_89_free_site.mp3,Podcast Episode
1,1601051400000,25 09 2020,http://arthurpetry.com/podcastgen/?name=2020-09-25_25_09_2020_free.mp3,"Hoje eu falei sobre o conceito de estar em pé, o eterno desconforto que é ser um ser humano, japoneses que moram em um Cyber Café e a história de Henry Ford e fábricas de carro."
1,1601730780000,02 10 2020,http://arthurpetry.com/podcastgen/?name=2020-10-03_02_10_2020.mp3,"Olá, galera. No podcast de hoje eu falei sobre o POVO ser um Mao Tse Tung sem um exército, a confusão entre LEO LINS e psicopatas da internet, UBER de vidro ABERTO no calor de QUARENTA E UM GRAUS, a treta no LEBLON e no JARDINS e, no final, uma TESE sobre"
1,1602092700000,Desinformação #94 - Num dá,http://arthurpetry.com/podcastgen/?name=2020-10-07_94youtube.mp3,"Petry e Tiago tentam descobrir (com a desenvoltura intelectual que lhes é usual) se a terra é plana, se o universo é infinito e chegam à conclusão que: NUM DÁ. Além disso, um MEU PERU muito especial com uma ouvinte que sai em defesa dos CAFAJESTES E VAGAB"
1,1602941520000,09 10 2020,http://arthurpetry.com/podcastgen/?name=2020-10-17_09_10_2020_free.mp3,Não tem descrição tá tenebroso não precisa ouvir
1,1602941700000,16 10 2020,http://arthurpetry.com/podcastgen/?name=2020-10-17_16_10_2020_free.mp3,"Hoje eu falo sobre trabalhar no texto de stand up, ter feito um podcast com o Daniel Zukerman, criatividade, mendigos ter cavalos e sobre eu ter saído em um site de notícias da ALEMANHA."
1,1603380240000,Desinformação #97 - O pai tá ON e ela tá OFF,http://arthurpetry.com/podcastgen/?name=2020-10-22_desinfo97.mp3,"Arthur e Tiago avaliam MINUCIOSAMENTE o caso ROBINHO e todas as HIPÓTESES que envolvem tudo, além de desvendar para o ouvinte o que está nas ENTRELINHAS desta novela e aquilo que não está sendo DITO nas reportagens."
1,1604081760000,30 10 2020,http://arthurpetry.com/podcastgen/?name=2020-10-30_30_10_2020_free.mp3,"Hoje eu falo sobre uma casa de shows que abriu DO LADO da minha JANELA que toca FUNK até às 5 da manhã, falo sobre o escudo do ""foda-se"" e sobre ter que fazer muita força pra não colapsar."
1,1604939220000,06 11 2020,http://arthurpetry.com/podcastgen/?name=2020-11-09_185feafe77a63da094670d3a9e4d69f9.mp3,"Olá, hoje eu falei sobre ter visto um cara CAGANDO no meio da RUA em SP, eleições nos EUA, Rodrigo Constantino, propaganda do BOTICÁRIO, leio e-mails e mais um monte de bobagem!!"
1,1605276180000,13 11 2020,http://arthurpetry.com/podcastgen/?name=2020-11-13_13_11_2020_free.mp3," Hoje eu falo sobre não ter plano B, a impossibilidade de se fazer de vítima quando estamos no mais puro e verdadeiro desespero, a importância de ESCREVER os seus objetivos e como o cérebro é uma máquina autônoma. Depois leitura de e-mails com a Beatriz e"
1,1605873540000,20 11 2020,http://arthurpetry.com/podcastgen/?name=2020-11-20_20_11_2020_spotify.mp3,"Olá! Hoje eu falo sobre a Letônia, sobre me envolver em uma TRETA com a FAMÍLIA ESCOBAR, pessoas que enxergam tudo no mundo a partir de um filtro ideológico, YouTube ser o ESGOTO da internet e depois leio e-mails com a Beatriz."
1,1606601640000,27 11 2020,http://arthurpetry.com/podcastgen/?name=2020-11-28_27_11_2020_spotify.mp3,"Hoje eu falo sobre MARADONA, conto a história de um fim de semana INFERNAL repleto de pegadinhas de DEUS e, no final, Beatriz revela estar adentrando no mundo das CONSPIRAÇÕES."
1,1607116500000,04 12 2020,http://arthurpetry.com/podcastgen/?name=2020-12-04_04_12_2020_spotify.mp3,"Hoje falei sobre o YouTube ter derrubado um vídeo meu por ter ""conteúdo sexual explícito"", a volta do PC Siqueira, o caso da DANI CALABRESA e MARCIUS MELHEM, leio e-mails e falo sobre a ilha de TRISTÃO DA CUNHA."
1,1607791140000,11 12 2020,http://arthurpetry.com/podcastgen/?name=2020-12-12_11_12_2020_spotify.mp3,Olá. Hoje eu falei tanta coisa que não lembro pra colocar na descrição. Bom fim de semana!!!
1,1608321960000,18 12 2020,http://arthurpetry.com/podcastgen/?name=2020-12-18_18_12_2020_spotify.mp3,hoje foi uma merda apoie o podcast em www.sacocheio.tv muito obrigado xau
1,1608875220000,25 12 2020,http://arthurpetry.com/podcastgen/?name=2020-12-24_25_12_2020_full.mp3,feliz natal
1,1609798140000,Desinformação #114 - Bacharel em Laticínio,http://arthurpetry.com/podcastgen/?name=2021-01-04_desinfo_114_com_merchan.mp3,"Petry e Igor Caçamba (cobrindo as férias do Tiago) falam sobre ENEM, faculdade pra fazer LEITE, Renato Gaúcho e suas analogias SEXUAIS, os 5 bilionários que ficaram mais ricos durante a PANDEMIA e o Arcebispo acusado de abusar de jovens RAPAZES em Belém"
1,1610141700000,08 01 2021,http://arthurpetry.com/podcastgen/?name=2021-01-08_08_01_2021_spot.mp3,"Olá!! No primeiro podcast do ANO eu falei sobre ter visto um cara MORTO no dia 01, por que as mulheres não concentram RENDA, pessoas sendo animais no aeroporto, natal em família e leio e-mails horrorosos."
1,1610722680000,15 01 2020,http://arthurpetry.com/podcastgen/?name=2021-01-15_15_01_2020_spot.mp3,"Olá, hoje falo sobre fundo do poço, depressão, conversar com a alma, mediocridade, disciplina, sofrimento, sacrifício e leio e-mails."
1,1611322980000,22 01 2021,http://arthurpetry.com/podcastgen/?name=2021-01-22_22_01_2021_spotify.mp3,"No podcast de hoje eu início a TEMPORADA DE CAÇA AOS TIGRES, peço para o George Soros me contratar porque eu tenho muitas contribuições a dar pra redução da população mundial, torço pra vacina ser uma grande pegadinha, relato a minha disputa territorial c"
1,1612211400000,29 01 2021,http://arthurpetry.com/podcastgen/?name=2021-02-01_o_brasil_que_eu_quero_091___saco_cheio_podcast_com_arthur_petry.mp3,"Olá! Hoje estou muito doente, portanto desculpem a baixa qualidade do programa. Falei sobre estar doente, disfunção na ATM, médicos, estresse e ansiedade, BBB 21, cidadão politizado e falei qual foi o melhor Brasil que tivemos e não percebemos: o de SARNE"
1,1612558020000,05 02 2021,http://arthurpetry.com/podcastgen/?name=2021-02-05_05_02_2021.mp3,Hoje o EP é completo pra todo mundo! Aproveite! Obs: participação do Maicon Küster
1,1612654680000,feat. Beatriz #04 - Pai Ausente,http://arthurpetry.com/podcastgen/?name=2021-02-06_feat_beatriz_4_edit_01.mp3,acesse www.sacocheio.tv
1,1614959340000,05 03 2021,http://arthurpetry.com/podcastgen/?name=2021-03-05_saco_cheio_96.mp3,www.sacocheio.tv
1,1615750080000,12 03 2021,http://arthurpetry.com/podcastgen/?name=2021-03-14_12_03_2021_spotify.mp3,"Olá, hoje falo sobre ser um toureiro, morar em bairro de velhos VERSUS morar em bairro de gays maravilhosos, caminhão do gás e leio e-mails."
1,1616158620000,19 03 2021,http://arthurpetry.com/podcastgen/?name=2021-03-19_19_03_2021_spotify.mp3,"Hoje eu falo sobre como o mundo seria melhor se todos nós chorássemos abraçados, a treta entre Rick Bonadio e o funk, a panela dos mafiosos afetados, a correlação entre bebês e tumores, abandonar a família com hora marcada e mais um monte de bobagem."
1,1616759100000,26 03 2021,http://arthurpetry.com/podcastgen/?name=2021-03-26_26_03_2021_spotify.mp3,"Olá, hoje eu falo sobre entrar em coma, ayahuasca, discuto com uma lata de monster, planejo a minha morte fictícia, leio e-mails e mais um monte de bobagem!!"
1,1617545220000,02 04 2021,http://arthurpetry.com/podcastgen/?name=2021-04-04_paixao_de_cristo.mp3,Olá. Tem quase quatro horas de podcast então eu não faço a MENOR ideia do que foi dito aí.!!! ACESSE SACOCHEIOTV
1,1617965100000,09 04 2021,http://arthurpetry.com/podcastgen/?name=2021-04-09_09_04_2021_spotify.mp3,"Olá, turminha. Hoje eu falo sobre os ovos que sobram da páscoa, assediar robôs, se tornar o tio que dorme assistindo TV e ler livros."
1,1618587000000,16 04 2021,http://arthurpetry.com/podcastgen/?name=2021-04-16_16_04_2021_spotify.mp3,"Hoje eu falo sobre não tomar a vacina, suruba no airbnb, mulher narrando jogo do Botafogo e sobre a pequenez, a mediocridade e a lógica macacal presente em 90% da humanidade."
1,1619179500000,23 04 2021,http://arthurpetry.com/podcastgen/?name=2021-04-23_23_04_2021_spotify.mp3,"Hoje eu falo sobre o inverno estar chegando, assassinar uma pessoa com as mãos no bolso, reato com as minhas raízes gays e um incrível fato que você não sabe sobre o Toy Story 2."
1,1619789700000,30 04 2021,http://arthurpetry.com/podcastgen/?name=2021-04-30_30_04_2021_spotify.mp3,"Hoje eu falo sobre o meu enterro, se identificar com os loucos, o ser humano ao lado sempre te incomodar e como PEITOS mexem com o sistema do homem."
1,1620388020000,07 05 2021,http://arthurpetry.com/podcastgen/?name=2021-05-07_07_05_2021_spotify.mp3,"Olá, hoje eu falo sobre a morte metafórica, estar a um passo de enlouquecer e não saber e entender a cabeça de um preconceituoso por 3 segundos."
1,1621602780000,21 05 2021,http://arthurpetry.com/podcastgen/?name=2021-05-21_21_05_2021_spotify.mp3,"Olá, hoje eu falo sobre estarmos no fim dos tempos por muito tempo, o divórcio de Bill Gates e antidepressivos. Depois leio dois e-mails de rapazes que se envolveram com completas DOIDAS."
1,1622419320000,28 05 2021,http://arthurpetry.com/podcastgen/?name=2021-05-30_28_05_2021_01_spot.mp3,ai cara ouve ou não ouve nao me incomoda pfvr
1,1623078120000,04 06 2021,http://arthurpetry.com/podcastgen/?name=2021-06-07_yt1s_com_-_cisne_negro_109__saco_cheio_podcast_com_arthur_petry.mp3,"Olá, hoje eu falo sobre o lado bom do corona, dengue, o assédio do BEM no filme CISNE NEGRO, a chupada da Mila Kunis, ser pego assistindo mulher pelada no YouTube e porque sumi das redes sociais."
1,1623409560000,11 06 2021,http://arthurpetry.com/podcastgen/?name=2021-06-11_11_06_2021_spotify.mp3,"Hoje eu falo sobre o merchan do iFood, Rogério Caboclo e o assédio na CBF, as incríveis histórias dos seres humanos que transavam com golfinhos e como o mainstream é podre."
1,1625403960000,02 07 2021,http://arthurpetry.com/podcastgen/?name=2021-07-04_02_07_2021_edit_01.mp3,"Hoje falei sobre crianças dando pitaco, mulheres de braços cruzados achando que mandam, flertar com a atendente da vivo, infantilismo, namorar quem tem família grande e o cenário de podcasts."
1,1625930220000,09 07 2021,http://arthurpetry.com/podcastgen/?name=2021-07-10_114_stpofify.mp3,Hoje não tem descrição porque isso foi inacreditável
1,1627037580000,23 07 2021,http://arthurpetry.com/podcastgen/?name=2021-07-23_23_07_2021_spotify.mp3,"Hoje falo sobre criar um festival pra eliminar pessoas, viver no meio do mato e o novo programa do SacoCheioTV."
1,1628291100000,06 08 2021,http://arthurpetry.com/podcastgen/?name=2021-08-06_saco_cheio_118_01_spotify.mp3,"Olá! Hoje eu falo sobre estar deprimido e assistir a Olimpíada, doping, #CiênciaSim e respondo um e-mail sobre bloqueio criativo."
1,1630076880000,27 08 2021,http://arthurpetry.com/podcastgen/?name=2021-08-27_27_08_2021_spot.mp3,"Hoje falo sobre matar pessoas, admitir pensamentos de merda e TIGRES politizados ofendidos porque ouviram que a sua brincadeirinha não serve pra NADA."
1,1634922360000,22 10 2021,http://arthurpetry.com/podcastgen/?name=2021-10-22_22_10_2021_spotify.mp3,"Olá, hoje eu falo sobre o mundo ser um grande octógono, minimalismo, cadeira Roma, montar uma estante, a história dos tapetes, Bento Ribeiro e o último especial do Dave Chapelle."
1,1643382060000,#141 - Porn19,http://arthurpetry.com/podcastgen/?name=2022-01-28_saco_cheio_spotify.mp3,"Baseado na ciência, nós deveríamos começar a demitir da VIDA pessoas que trabalham com pornografia."
1,1644072840000,#142 - Existe coisa pior que juiz?,http://arthurpetry.com/podcastgen/?name=2022-02-05_saco_cheio_142.mp3,acesse www.sacocheio.tv
